GLOBAL UNIQUE IDENTIFIER,LAST EDITED DATE,TAXONOMIC ORDER,CATEGORY,TAXON CONCEPT ID,COMMON NAME,SCIENTIFIC NAME,SUBSPECIES COMMON NAME,SUBSPECIES SCIENTIFIC NAME,EXOTIC CODE,OBSERVATION COUNT,BREEDING CODE,BREEDING CATEGORY,BEHAVIOR CODE,AGE/SEX,COUNTRY,COUNTRY CODE,STATE,STATE CODE,COUNTY,COUNTY CODE,IBA CODE,BCR CODE,USFWS CODE,ATLAS BLOCK,LOCALITY,LOCALITY ID,LOCALITY TYPE,LATITUDE,LONGITUDE,OBSERVATION DATE,TIME OBSERVATIONS STARTED,OBSERVER ID,OBSERVER ORCID ID,SAMPLING EVENT IDENTIFIER,OBSERVATION TYPE,PROTOCOL NAME,PROTOCOL CODE,PROJECT NAMES,PROJECT IDENTIFIERS,DURATION MINUTES,EFFORT DISTANCE KM,EFFORT AREA HA,NUMBER OBSERVERS,ALL SPECIES REPORTED,GROUP IDENTIFIER,HAS MEDIA,APPROVED,REVIEWED,REASON,CHECKLIST COMMENTS,SPECIES COMMENTS
,2025-10-09 02:12:13.561293,,,,bird_1,,,,,1.0,,,,,United States,US,Alaska,US-AK,Fairbanks North Star Borough,US-AK-090,,,,,,,,64.6949387,-147.1209713,2023-06-25,09:34:00,,,,Traveling,Traveling,,,,60.0,1.95,,1.0,1,,,1,0,,,
,2025-09-05 04:24:20.181173,,,,bird_1,,,,,1.0,,,,,United States,US,Alaska,US-AK,Fairbanks North Star Borough,US-AK-090,,,,,,,,64.86305,-147.7381727,2023-06-17,11:10:00,,,,Traveling,Traveling,,,,72.0,0.576,,12.0,1,,,1,0,,,
,2026-02-05 18:11:43.253809,,,,bird_1,,,,,1.0,,,,,United States,US,Alaska,US-AK,Fairbanks North Star Borough,US-AK-090,,,,,,,,64.86305,-147.7381727,2023-06-29,06:12:00,,,,Traveling,Traveling,,,,79.0,3.041,,1.0,1,,,1,0,,,
,2025-10-09 02:39:11.300304,,,,bird_1,,,,,1.0,,,,,United States,US,Alaska,US-AK,Fairbanks North Star Borough,US-AK-090,,,,,,,,64.86305,-147.7381727,2023-06-16,10:11:00,,,,Traveling,Traveling,,,,128.0,4.252,,1.0,1,,,1,0,,,
,2024-04-19 19:59:21.904766,,,,bird_1,,,,,1.0,,,,,United States,US,Alaska,US-AK,Fairbanks North Star Borough,US-AK-090,,,,,,,,64.8643458,-147.8634453,2023-06-15,08:15:00,,,,Traveling,Traveling,,,,50.0,2.366,,1.0,1,,,1,0,,,
,2025-09-04 23:25:09.023085,,,,bird_1,,,,,4.0,,,,,United States,US,Alaska,US-AK,Fairbanks North Star Borough,US-AK-090,,,,,,,,65.1016367,-147.446695,2023-06-17,15:09:00,,,,Traveling,Traveling,,,,58.0,0.536,,12.0,1,,,1,0,,,
,2025-10-09 02:08:59.998446,,,,bird_1,,,,,2.0,,,,,United States,US,Alaska,US-AK,Fairbanks North Star Borough,US-AK-090,,,,,,,,64.86305,-147.7381727,2023-06-18,10:07:00,,,,Traveling,Traveling,,,,109.0,2.398,,1.0,1,,,1,0,,,
,2025-09-05 05:09:38.919144,,,,bird_1,,,,,4.0,,,,,United States,US,Alaska,US-AK,Fairbanks North Star Borough,US-AK-090,,,,,,,,65.1016367,-147.446695,2023-06-17,15:09:00,,,,Traveling,Traveling,,,,58.0,0.536,,12.0,1,,,1,0,,,
,2025-09-05 11:05:00.041324,,,,bird_1,,,,,1.0,,,,,United States,US,Alaska,US-AK,Fairbanks North Star Borough,US-AK-090,,,,,,,,64.924584,-147.862939,2023-06-14,12:34:00,,,,Traveling,Traveling,,,,26.0,1.429,,1.0,1,,,1,0,,,
,2026-02-05 18:11:43.253809,,,,bird_1,,,,,1.0,,,,,United States,US,Alaska,US-AK,Fairbanks North Star Borough,US-AK-090,,,,,,,,64.8666675,-147.7306822,2023-06-28,07:05:00,,,,Traveling,Traveling,,,,75.0,0.697,,1.0,1,,,1,0,,,
,2025-10-09 02:09:00.305741,,,,bird_1,,,,,1.0,,,,,United States,US,Alaska,US-AK,Fairbanks North Star Borough,US-AK-090,,,,,,,,64.86305,-147.7381727,2023-06-18,10:54:00,,,,Traveling,Traveling,,,,55.0,0.823,,3.0,1,,,1,0,,,
,2025-09-05 05:09:38.919144,,,,bird_1,,,,,1.0,,,,,United States,US,Alaska,US-AK,Fairbanks North Star Borough,US-AK-090,,,,,,,,64.86305,-147.7381727,2023-06-17,11:10:00,,,,Traveling,Traveling,,,,72.0,0.576,,12.0,1,,,1,0,,,
,2025-09-04 20:10:58.278021,,,,bird_1,,,,,1.0,,,,,United States,US,Alaska,US-AK,Fairbanks North Star Borough,US-AK-090,,,,,,,,64.667878,-147.025148,2023-06-17,07:58:00,,,,Traveling,Traveling,,,,17.0,0.362,,3.0,1,,,1,0,,,
,2025-09-05 05:10:17.995597,,,,bird_1,,,,,1.0,,,,,United States,US,Alaska,US-AK,Fairbanks North Star Borough,US-AK-090,,,,,,,,64.86305,-147.7381727,2023-06-17,11:10:00,,,,Traveling,Traveling,,,,72.0,0.576,,12.0,1,,,1,0,,,
,2025-10-09 02:17:22.435611,,,,bird_1,,,,,1.0,,,,,United States,US,Alaska,US-AK,Fairbanks North Star Borough,US-AK-090,,,,,,,,64.86305,-147.7381727,2023-06-17,11:10:00,,,,Traveling,Traveling,,,,72.0,0.576,,12.0,1,,,1,0,,,
,2025-09-05 04:56:38.662698,,,,bird_1,,,,,1.0,,,,,United States,US,Alaska,US-AK,Fairbanks North Star Borough,US-AK-090,,,,,,,,64.86305,-147.7381727,2023-06-17,11:10:00,,,,Traveling,Traveling,,,,72.0,0.576,,12.0,1,,,1,0,,,
,2025-09-05 08:01:58.448248,,,,bird_1,,,,,1.0,,,,,United States,US,Alaska,US-AK,Fairbanks North Star Borough,US-AK-090,,,,,,,,64.667878,-147.025148,2023-06-17,07:58:00,,,,Traveling,Traveling,,,,17.0,0.362,,3.0,1,,,1,0,,,
,2025-10-09 02:09:11.904696,,,,bird_1,,,,,1.0,,,,,United States,US,Alaska,US-AK,Fairbanks North Star Borough,US-AK-090,,,,,,,,64.6767312,-147.0656225,2023-06-17,10:35:00,,,,Traveling,Traveling,,,,13.0,0.192,,3.0,1,,,1,0,,,
,2025-10-09 02:15:10.437966,,,,bird_1,,,,,1.0,,,,,United States,US,Alaska,US-AK,Fairbanks North Star Borough,US-AK-090,,,,,,,,64.6767312,-147.0656225,2023-06-17,10:35:00,,,,Traveling,Traveling,,,,13.0,0.192,,3.0,1,,,1,0,,,
,2026-02-05 18:11:43.253809,,,,bird_1,,,,,1.0,,,,,United States,US,Alaska,US-AK,Fairbanks North Star Borough,US-AK-090,,,,,,,,64.86305,-147.7381727,2023-06-25,09:53:00,,,,Traveling,Traveling,,,,170.0,1.044,,2.0,1,,,1,0,,,
,2025-10-09 02:24:38.361091,,,,bird_1,,,,,1.0,,,,,United States,US,Alaska,US-AK,Fairbanks North Star Borough,US-AK-090,,,,,,,,64.6767312,-147.0656225,2023-06-17,10:35:00,,,,Traveling,Traveling,,,,13.0,0.192,,3.0,1,,,1,0,,,
,2025-09-05 06:43:27.892398,,,,bird_1,,,,,1.0,,,,,United States,US,Alaska,US-AK,Fairbanks North Star Borough,US-AK-090,,,,,,,,64.667878,-147.025148,2023-06-17,07:58:00,,,,Traveling,Traveling,,,,17.0,0.362,,3.0,1,,,1,0,,,
,2025-09-05 05:08:17.678083,,,,bird_1,,,,,1.0,,,,,United States,US,Alaska,US-AK,Fairbanks North Star Borough,US-AK-090,,,,,,,,64.86305,-147.7381727,2023-06-17,11:10:00,,,,Traveling,Traveling,,,,72.0,0.576,,12.0,1,,,1,0,,,
,2025-09-05 03:38:37.344398,,,,bird_1,,,,,2.0,,,,,United States,US,Alaska,US-AK,Fairbanks North Star Borough,US-AK-090,,,,,,,,64.924584,-147.862939,2023-06-22,18:53:00,,,,Traveling,Traveling,,,,25.0,0.894,,1.0,1,,,1,0,,,
,2025-10-09 02:07:16.955105,,,,bird_1,,,,,3.0,S ,C2,S ,"Unknown Sex, Adult (3)",United States,US,Alaska,US-AK,Fairbanks North Star Borough,US-AK-090,,,,,,,,65.1027111,-147.4507499,2023-06-15,09:47:00,,,,Traveling,Traveling,,,,65.0,1.609,,1.0,1,,,1,0,,,
,2025-09-05 04:12:08.379797,,,,bird_1,,,,,4.0,,,,,United States,US,Alaska,US-AK,Fairbanks North Star Borough,US-AK-090,,,,,,,,65.1016367,-147.446695,2023-06-17,15:09:00,,,,Traveling,Traveling,,,,58.0,0.536,,12.0,1,,,1,0,,,
,2025-09-05 05:27:57.470028,,,,bird_1,,,,,1.0,,,,,United States,US,Alaska,US-AK,Fairbanks North Star Borough,US-AK-090,,,,,,,,65.127445,-147.49987,2023-06-20,09:54:00,,,,Traveling,Traveling,,,,16.0,0.21,,1.0,1,,,1,0,,,
,2025-10-09 02:06:41.362912,,,,bird_1,,,,,3.0,,,,,United States,US,Alaska,US-AK,Fairbanks North Star Borough,US-AK-090,,,,,,,,64.844091,-148.0113068,2023-06-14,09:11:00,,,,Traveling,Traveling,,,,22.0,0.402,,1.0,1,,,1,0,,,
,2025-10-09 02:08:37.835218,,,,bird_1,,,,,1.0,,,,,United States,US,Alaska,US-AK,Fairbanks North Star Borough,US-AK-090,,,,,,,,64.6767312,-147.0656225,2023-06-17,10:35:00,,,,Traveling,Traveling,,,,13.0,0.192,,3.0,1,,,1,0,,,
,2025-09-05 11:04:58.921335,,,,bird_1,,,,,1.0,,,,,United States,US,Alaska,US-AK,Fairbanks North Star Borough,US-AK-090,,,,,,,,64.6728716,-147.0408983,2023-06-14,07:48:00,,,,Traveling,Traveling,,,,153.0,1.887,,4.0,1,,,1,0,,,
,2026-02-05 18:11:43.253809,,,,bird_1,,,,,1.0,,,,,United States,US,Alaska,US-AK,Fairbanks North Star Borough,US-AK-090,,,,,,,,64.86305,-147.7381727,2023-06-20,11:08:00,,,,Traveling,Traveling,,,,96.0,2.745,,2.0,1,,,1,0,,,
,2026-02-05 18:11:43.253809,,,,bird_1,,,,,1.0,,,,,United States,US,Alaska,US-AK,Fairbanks North Star Borough,US-AK-090,,,,,,,,64.86305,-147.7381727,2023-06-18,10:53:00,,,,Traveling,Traveling,,,,64.0,1.287,,3.0,1,,,1,0,,,
,2025-09-05 10:27:17.90635,,,,bird_1,,,,,1.0,,,,,United States,US,Alaska,US-AK,Fairbanks North Star Borough,US-AK-090,,,,,,,,64.6728716,-147.0408983,2023-06-14,07:48:00,,,,Traveling,Traveling,,,,153.0,1.887,,4.0,1,,,1,0,,,
,2025-10-09 02:19:49.574796,,,,bird_1,,,,,1.0,,,,,United States,US,Alaska,US-AK,Fairbanks North Star Borough,US-AK-090,,,,,,,,64.86305,-147.7381727,2023-06-17,11:10:00,,,,Traveling,Traveling,,,,72.0,0.576,,12.0,1,,,1,0,,,
,2025-09-04 23:36:14.809463,,,,bird_1,,,,,2.0,,,,,United States,US,Alaska,US-AK,Fairbanks North Star Borough,US-AK-090,,,,,,,,64.860323,-147.826768,2023-06-28,13:56:00,,,,Traveling,Traveling,,,,5.0,0.304,,1.0,1,,,1,0,,,
,2025-09-04 22:56:09.50573,,,,bird_1,,,,,1.0,,,,,United States,US,Alaska,US-AK,Fairbanks North Star Borough,US-AK-090,,,,,,,,64.8643458,-147.8634453,2023-06-29,09:15:00,,,,Traveling,Traveling,,,,194.0,4.968,,1.0,1,,,1,0,,,
,2025-10-09 02:24:38.193507,,,,bird_1,,,,,1.0,,,,,United States,US,Alaska,US-AK,Fairbanks North Star Borough,US-AK-090,,,,,,,,64.6949387,-147.1209713,2023-06-25,09:34:00,,,,Traveling,Traveling,,,,60.0,1.95,,1.0,1,,,1,0,,,
,2025-09-05 01:42:50.864749,,,,bird_1,,,,,1.0,,,,,United States,US,Alaska,US-AK,Fairbanks North Star Borough,US-AK-090,,,,,,,,64.669825,-147.023552,2023-06-25,07:07:00,,,,Traveling,Traveling,,,,58.0,1.16,,1.0,1,,,1,0,,,
,2025-09-05 03:47:17.590015,,,,bird_1,,,,,4.0,,,,,United States,US,Alaska,US-AK,Fairbanks North Star Borough,US-AK-090,,,,,,,,65.1016367,-147.446695,2023-06-17,15:09:00,,,,Traveling,Traveling,,,,58.0,0.536,,12.0,1,,,1,0,,,
,2025-10-09 02:08:10.603841,,,,bird_1,,,,,1.0,,,,,United States,US,Alaska,US-AK,Fairbanks North Star Borough,US-AK-090,,,,,,,,65.1016367,-147.446695,2023-06-16,09:45:00,,,,Traveling,Traveling,,,,25.0,0.332,,2.0,1,,,1,0,,,
,2026-02-05 18:11:43.253809,,,,bird_1,,,,,1.0,,,,,United States,US,Alaska,US-AK,Fairbanks North Star Borough,US-AK-090,,,,,,,,64.86305,-147.7381727,2023-06-25,09:53:00,,,,Traveling,Traveling,,,,170.0,1.044,,2.0,1,,,1,0,,,
,2025-09-05 00:41:58.958231,,,,bird_1,,,,,1.0,,,,,United States,US,Alaska,US-AK,Fairbanks North Star Borough,US-AK-090,,,,,,,,64.8334865,-147.8483576,2023-06-26,20:44:00,,,,Traveling,Traveling,,,,15.0,0.676,,1.0,1,,,1,0,,,
,2025-09-05 05:08:17.678083,,,,bird_1,,,,,4.0,,,,,United States,US,Alaska,US-AK,Fairbanks North Star Borough,US-AK-090,,,,,,,,65.1016367,-147.446695,2023-06-17,15:09:00,,,,Traveling,Traveling,,,,58.0,0.536,,12.0,1,,,1,0,,,
,2025-09-04 23:25:09.023085,,,,bird_1,,,,,1.0,,,,,United States,US,Alaska,US-AK,Fairbanks North Star Borough,US-AK-090,,,,,,,,64.86305,-147.7381727,2023-06-17,11:10:00,,,,Traveling,Traveling,,,,72.0,0.576,,12.0,1,,,1,0,,,
,2025-09-10 01:53:39.505345,,,,bird_1,,,,,1.0,,,,,United States,US,Alaska,US-AK,Fairbanks North Star Borough,US-AK-090,,,,,,,,64.8643458,-147.8634453,2023-06-22,12:21:00,,,,Traveling,Traveling,,,,45.0,0.805,,2.0,1,,,1,0,,,
,2025-09-05 10:50:19.476871,,,,bird_1,,,,,1.0,,,,,United States,US,Alaska,US-AK,Fairbanks North Star Borough,US-AK-090,,,,,,,,64.6728716,-147.0408983,2023-06-14,07:48:00,,,,Traveling,Traveling,,,,153.0,1.887,,4.0,1,,,1,0,,,
,2025-10-09 02:06:42.144356,,,,bird_1,,,,,1.0,,,,,United States,US,Alaska,US-AK,Fairbanks North Star Borough,US-AK-090,,,,,,,,64.7966492,-147.7180481,2023-06-14,08:49:00,,,,Traveling,Traveling,,,,61.0,2.498,,1.0,1,,,1,0,,,
,2026-02-05 18:11:43.253809,,,,bird_1,,,,,1.0,,,,,United States,US,Alaska,US-AK,Fairbanks North Star Borough,US-AK-090,,,,,,,,64.86305,-147.7381727,2023-06-18,10:53:00,,,,Traveling,Traveling,,,,64.0,1.287,,3.0,1,,,1,0,,,
,2025-09-05 04:12:08.379797,,,,bird_1,,,,,1.0,,,,,United States,US,Alaska,US-AK,Fairbanks North Star Borough,US-AK-090,,,,,,,,64.86305,-147.7381727,2023-06-17,11:10:00,,,,Traveling,Traveling,,,,72.0,0.576,,12.0,1,,,1,0,,,
,2026-02-05 18:11:43.253809,,,,bird_1,,,,,2.0,,,,,United States,US,Alaska,US-AK,Fairbanks North Star Borough,US-AK-090,,,,,,,,64.8335493,-147.8496448,2023-06-18,06:51:00,,,,Traveling,Traveling,,,,45.0,0.852,,2.0,1,,,1,0,,,
,2025-09-05 05:10:17.995597,,,,bird_1,,,,,4.0,,,,,United States,US,Alaska,US-AK,Fairbanks North Star Borough,US-AK-090,,,,,,,,65.1016367,-147.446695,2023-06-17,15:09:00,,,,Traveling,Traveling,,,,58.0,0.536,,12.0,1,,,1,0,,,
,2025-09-05 05:48:39.620506,,,,bird_1,,,,,2.0,,,,,United States,US,Alaska,US-AK,Fairbanks North Star Borough,US-AK-090,,,,,,,,65.1016367,-147.446695,2023-06-19,08:01:00,,,,Traveling,Traveling,,,,50.0,0.563,,2.0,1,,,1,0,,,
,2024-04-19 16:19:29.276936,,,,bird_1,,,,,1.0,,,,,United States,US,Alaska,US-AK,Fairbanks North Star Borough,US-AK-090,,,,,,,,64.7946586,-147.7130168,2023-06-20,20:40:00,,,,Traveling,Traveling,,,,35.0,0.805,,2.0,1,,,1,0,,,
,2025-09-04 23:36:19.915432,,,,bird_1,,,,,4.0,,,,,United States,US,Alaska,US-AK,Fairbanks North Star Borough,US-AK-090,,,,,,,,65.1016367,-147.446695,2023-06-17,15:09:00,,,,Traveling,Traveling,,,,58.0,0.536,,12.0,1,,,1,0,,,
,2025-10-09 02:14:13.027264,,,,bird_1,,,,,1.0,,,,,United States,US,Alaska,US-AK,Fairbanks North Star Borough,US-AK-090,,,,,,,,64.7706866,-147.2272682,2023-06-30,07:00:00,,,,Traveling,Traveling,,,,85.0,3.851,,1.0,1,,,1,0,,,
,2025-10-09 02:07:17.906795,,,,bird_1,,,,,1.0,,,,,United States,US,Alaska,US-AK,Fairbanks North Star Borough,US-AK-090,,,,,,,,64.855629,-147.445747,2023-06-15,07:24:00,,,,Traveling,Traveling,,,,95.0,3.188,,1.0,1,,,1,0,,,
,2025-09-05 04:24:20.181173,,,,bird_1,,,,,4.0,,,,,United States,US,Alaska,US-AK,Fairbanks North Star Borough,US-AK-090,,,,,,,,65.1016367,-147.446695,2023-06-17,15:09:00,,,,Traveling,Traveling,,,,58.0,0.536,,12.0,1,,,1,0,,,
,2025-10-09 02:08:32.33627,,,,bird_1,,,,,6.0,,,,,United States,US,Alaska,US-AK,Fairbanks North Star Borough,US-AK-090,,,,,,,,65.1016367,-147.446695,2023-06-17,07:45:00,,,,Traveling,Traveling,,,,60.0,1.609,,1.0,1,,,1,0,,,
,2026-02-05 18:11:43.253809,,,,bird_1,,,,,1.0,,,,,United States,US,Alaska,US-AK,Fairbanks North Star Borough,US-AK-090,,,,,,,,64.86305,-147.7381727,2023-06-30,05:10:00,,,,Traveling,Traveling,,,,170.0,4.345,,1.0,1,,,1,0,,,
,2025-09-05 00:52:40.647362,,,,bird_1,,,,,1.0,,,,,United States,US,Alaska,US-AK,Fairbanks North Star Borough,US-AK-090,,,,,,,,64.860323,-147.826768,2023-06-26,13:12:00,,,,Traveling,Traveling,,,,13.0,1.851,,1.0,1,,,1,0,,,
,2025-10-09 02:09:50.786356,,,,bird_1,,,,,4.0,,,,,United States,US,Alaska,US-AK,Fairbanks North Star Borough,US-AK-090,,,,,,,,65.093125,-147.42302,2023-06-20,08:37:00,,,,Traveling,Traveling,,,,66.0,1.514,,1.0,1,,,1,0,,,
,2025-09-05 05:20:27.696262,,,,bird_1,,,,,1.0,,,,,United States,US,Alaska,US-AK,Fairbanks North Star Borough,US-AK-090,,,,,,,,64.860323,-147.826768,2023-06-20,13:20:00,,,,Traveling,Traveling,,,,20.0,1.481,,1.0,1,,,1,0,,,
,2025-09-03 09:59:29.827538,,,,bird_1,,,,,1.0,,,,,United States,US,Alaska,US-AK,Fairbanks North Star Borough,US-AK-090,,,,,,,,64.667878,-147.025148,2023-06-17,07:58:00,,,,Traveling,Traveling,,,,17.0,0.362,,3.0,1,,,1,0,,,
,2025-09-03 09:59:31.2762,,,,bird_1,,,,,1.0,,,,,United States,US,Alaska,US-AK,Fairbanks North Star Borough,US-AK-090,,,,,,,,64.669825,-147.023552,2023-06-25,07:07:00,,,,Traveling,Traveling,,,,58.0,1.16,,1.0,1,,,1,0,,,
,2026-02-05 18:11:43.253809,,,,bird_1,,,,,1.0,,,,,United States,US,Alaska,US-AK,Fairbanks North Star Borough,US-AK-090,,,,,,,,64.857025,-147.821486,2023-06-29,18:30:00,,,,Traveling,Traveling,,,,26.0,1.287,,1.0,1,,,1,0,,,
,2025-09-05 04:56:38.662698,,,,bird_1,,,,,4.0,,,,,United States,US,Alaska,US-AK,Fairbanks North Star Borough,US-AK-090,,,,,,,,65.1016367,-147.446695,2023-06-17,15:09:00,,,,Traveling,Traveling,,,,58.0,0.536,,12.0,1,,,1,0,,,
,2025-09-05 00:42:36.587331,,,,bird_1,,,,,1.0,,,,,United States,US,Alaska,US-AK,Fairbanks North Star Borough,US-AK-090,,,,,,,,64.857025,-147.821486,2023-06-26,20:22:00,,,,Traveling,Traveling,,,,26.0,1.375,,2.0,1,,,1,0,,,
,2025-10-20 13:51:08.225011,,,,bird_1,,,,,2.0,,,,,United States,US,Alaska,US-AK,Haines Borough,US-AK-100,,,,,,,,59.3778601,-135.8378567,2023-06-16,15:56:00,,,,Traveling,Traveling,,,,26.0,0.338,,1.0,1,,,1,0,,,
,2025-10-20 13:51:31.946838,,,,bird_1,,,,,1.0,,,,,United States,US,Alaska,US-AK,Juneau City and Borough,US-AK-110,,,,,,,,58.4057814,-134.5713186,2023-06-17,10:54:00,,,,Traveling,Traveling,,,,47.0,0.551,,1.0,1,,,1,0,,,
,2025-09-05 09:40:13.221009,,,,bird_1,,,,,1.0,,,,,United States,US,Alaska,US-AK,Matanuska-Susitna Borough,US-AK-170,,,,,,,,62.1392014,-150.0531648,2023-06-15,22:50:00,,,,Traveling,Traveling,,,,23.0,0.539,,2.0,1,,,1,0,,,
,2025-09-05 05:54:30.740589,,,,bird_1,,,,,1.0,,,,,United States,US,Alaska,US-AK,Matanuska-Susitna Borough,US-AK-170,,,,,,,,62.3257305,-150.1173055,2023-06-19,16:43:00,,,,Traveling,Traveling,,,,34.0,1.078,,1.0,1,,,1,0,,,
,2025-10-20 13:52:28.240083,,,,bird_1,,,,,2.0,,,,,United States,US,Alaska,US-AK,Prince of Wales-Hyder Census Area,US-AK-198,,,,,,,,55.9180932,-130.0272274,2023-06-18,10:11:00,,,,Traveling,Traveling,,,,51.0,2.204,,1.0,1,,,1,0,,,
,2025-10-20 13:52:27.884078,,,,bird_1,,,,,1.0,,,,,United States,US,Alaska,US-AK,Prince of Wales-Hyder Census Area,US-AK-198,,,,,,,,55.9609605,-130.0618708,2023-06-18,06:38:00,,,,Traveling,Traveling,,,,17.0,0.18,,1.0,1,,,1,0,,,
,2025-10-09 02:13:20.881135,,,,bird_1,,,,,1.0,,,,,United States,US,Alaska,US-AK,Prince of Wales-Hyder Census Area,US-AK-198,,,,,,,,55.9609605,-130.0618708,2023-06-28,08:35:00,,,,Traveling,Traveling,,,,112.0,0.42,,2.0,1,,,1,0,,,
,2025-10-20 13:51:18.260891,,,,bird_1,,,,,1.0,,,,,United States,US,Alaska,US-AK,Skagway Municipality,US-AK-230,,,,,,,,59.5116083,-135.3470135,2023-06-14,09:09:00,,,,Traveling,Traveling,,,,103.0,1.35,,1.0,1,,,1,0,,,
,2025-10-20 13:51:18.856686,,,,bird_1,,,,,1.0,,,,,United States,US,Alaska,US-AK,Skagway Municipality,US-AK-230,,,,,,,,59.5116083,-135.3470135,2023-06-14,11:09:00,,,,Traveling,Traveling,,,,78.0,4.015,,1.0,1,,,1,0,,,
,2025-10-09 02:12:17.635039,,,,bird_1,,,,,4.0,,,,,United States,US,Alaska,US-AK,Southeast Fairbanks Census Area,US-AK-240,,,,,,,,64.7877662,-141.1995077,2023-06-25,03:13:00,,,,Traveling,Traveling,,,,99.0,5.938,,1.0,1,,,1,0,,,
,2025-09-05 02:23:59.670449,,,,bird_1,,,,,1.0,,,,,United States,US,Alaska,US-AK,Southeast Fairbanks Census Area,US-AK-240,,,,,,,,64.356752,-141.412992,2023-06-24,06:55:00,,,,Traveling,Traveling,,,,6.0,0.077,,1.0,1,,,1,0,,,
,2025-09-05 02:23:59.670449,,,,bird_1,,,,,1.0,,,,,United States,US,Alaska,US-AK,Southeast Fairbanks Census Area,US-AK-240,,,,,,,,64.385348,-141.412484,2023-06-24,07:26:00,,,,Traveling,Traveling,,,,10.0,0.355,,1.0,1,,,1,0,,,
,2025-09-05 01:26:26.65143,,,,bird_1,,,,,1.0,,,,,United States,US,Alaska,US-AK,Southeast Fairbanks Census Area,US-AK-240,,,,,,,,64.7877662,-141.1995077,2023-06-24,15:25:00,,,,Traveling,Traveling,,,,31.0,0.335,,1.0,1,,,1,0,,,
,2025-10-09 02:08:19.854715,,,,bird_1,,,,,3.0,,,,,United States,US,Alaska,US-AK,Southeast Fairbanks Census Area,US-AK-240,,,,,,,,64.7877662,-141.1995077,2023-06-16,05:27:00,,,,Traveling,Traveling,,,,209.0,1.447,,2.0,1,,,1,0,,,
,2025-10-09 02:08:19.840173,,,,bird_1,,,,,3.0,,,,,United States,US,Alaska,US-AK,Southeast Fairbanks Census Area,US-AK-240,,,,,,,,64.7877662,-141.1995077,2023-06-16,05:27:00,,,,Traveling,Traveling,,,,209.0,1.447,,2.0,1,,,1,0,,,
,2025-09-05 02:23:59.670449,,,,bird_1,,,,,2.0,,,,,United States,US,Alaska,US-AK,Southeast Fairbanks Census Area,US-AK-240,,,,,,,,64.3367,-141.416191,2023-06-24,06:02:00,,,,Traveling,Traveling,,,,30.0,0.378,,1.0,1,,,1,0,,,
,2025-10-09 02:07:29.871701,,,,bird_1,,,,,5.0,,,,,United States,US,Alaska,US-AK,Southeast Fairbanks Census Area,US-AK-240,,,,,,,,64.7877662,-141.1995077,2023-06-15,08:52:00,,,,Traveling,Traveling,,,,671.0,3.219,,2.0,1,,,1,0,,,
,2025-09-05 02:23:59.670449,,,,bird_1,,,,,2.0,,,,,United States,US,Alaska,US-AK,Southeast Fairbanks Census Area,US-AK-240,,,,,,,,64.372899,-141.418325,2023-06-24,07:08:00,,,,Traveling,Traveling,,,,13.0,0.272,,1.0,1,,,1,0,,,
,2025-09-04 22:50:37.706462,,,,bird_1,,,,,1.0,,,,,United States,US,Alaska,US-AK,Southeast Fairbanks Census Area,US-AK-240,,,,,,,,64.7877662,-141.1995077,2023-06-28,10:37:00,,,,Traveling,Traveling,,,,15.0,0.357,,1.0,1,,,1,0,,,
,2025-09-05 07:43:39.400241,,,,bird_1,,,,,1.0,,,,,United States,US,Alaska,US-AK,Southeast Fairbanks Census Area,US-AK-240,,,,,,,,63.667073,-144.085232,2023-06-17,19:08:00,,,,Traveling,Traveling,,,,40.0,2.414,,1.0,1,,,1,0,,,
,2025-10-09 02:07:29.823302,,,,bird_1,,,,,5.0,,,,,United States,US,Alaska,US-AK,Southeast Fairbanks Census Area,US-AK-240,,,,,,,,64.7877662,-141.1995077,2023-06-15,08:52:00,,,,Traveling,Traveling,,,,671.0,3.219,,2.0,1,,,1,0,,,
,2025-09-05 02:23:59.670449,,,,bird_1,,,,,1.0,,,,,United States,US,Alaska,US-AK,Southeast Fairbanks Census Area,US-AK-240,,,,,,,,64.344457,-141.403671,2023-06-24,06:36:00,,,,Traveling,Traveling,,,,12.0,0.313,,1.0,1,,,1,0,,,
,2025-10-09 02:09:39.030945,,,,bird_1,,,,,2.0,,,,,United States,US,Alaska,US-AK,Southeast Fairbanks Census Area,US-AK-240,,,,,,,,64.7877662,-141.1995077,2023-06-19,12:33:00,,,,Traveling,Traveling,,,,165.0,1.431,,1.0,1,,,1,0,,,
,2025-09-05 02:24:00.537204,,,,bird_1,,,,,1.0,,,,,United States,US,Alaska,US-AK,Southeast Fairbanks Census Area,US-AK-240,,,,,,,,64.306169,-141.422125,2023-06-24,05:31:00,,,,Traveling,Traveling,,,,8.0,0.139,,1.0,1,,,1,0,,,
,2025-10-09 02:07:29.861486,,,,bird_1,,,,,5.0,,,,,United States,US,Alaska,US-AK,Southeast Fairbanks Census Area,US-AK-240,,,,,,,,64.7877662,-141.1995077,2023-06-15,08:52:00,,,,Traveling,Traveling,,,,671.0,3.219,,2.0,1,,,1,0,,,
,2025-09-04 17:47:20.430667,,,,bird_1,,,,,1.0,,,,,United States,US,Alaska,US-AK,Copper River Census Area,US-AK-066,,,,,,,,61.4324302,-142.9237824,2023-07-04,07:50:00,,,,Traveling,Traveling,,,,32.0,0.206,,1.0,1,,,1,0,,,
,2025-09-04 10:50:19.26783,,,,bird_1,,,,,1.0,,,,,United States,US,Alaska,US-AK,Denali Borough,US-AK-068,,,,,,,,63.6703195,-149.5784497,2023-07-13,14:48:00,,,,Traveling,Traveling,,,,64.0,0.628,,1.0,1,,,1,0,,,
,2025-10-09 02:16:11.074193,,,,bird_1,,,,,1.0,,,,,United States,US,Alaska,US-AK,Fairbanks North Star Borough,US-AK-090,,,,,,,,64.8666675,-147.7306822,2023-07-06,12:12:00,,,,Traveling,Traveling,,,,99.0,2.768,,2.0,1,,,1,0,,,
,2025-10-09 02:19:30.008512,,,,bird_1,,,,,1.0,,,,,United States,US,Alaska,US-AK,Fairbanks North Star Borough,US-AK-090,,,,,,,,64.86305,-147.7381727,2023-07-18,09:39:00,,,,Traveling,Traveling,,,,73.0,2.365,,1.0,1,,,1,0,,,
,2026-02-05 18:11:43.253809,,,,bird_1,,,,,1.0,,,,,United States,US,Alaska,US-AK,Fairbanks North Star Borough,US-AK-090,,,,,,,,64.855518,-147.826297,2023-07-10,21:26:00,,,,Traveling,Traveling,,,,18.0,0.693,,1.0,1,,,1,0,,,
,2025-10-09 02:15:37.404111,,,,bird_1,,,,,3.0,,,,,United States,US,Alaska,US-AK,Fairbanks North Star Borough,US-AK-090,,,,,,,,64.855629,-147.445747,2023-07-04,07:06:00,,,,Traveling,Traveling,,,,111.0,2.956,,1.0,1,,,1,0,,,
,2025-09-04 06:59:59.649599,,,,bird_1,,,,,2.0,,,,,United States,US,Alaska,US-AK,Fairbanks North Star Borough,US-AK-090,,,,,,,,64.936163,-147.573202,2023-07-18,08:33:00,,,,Traveling,Traveling,,,,42.0,0.073,,1.0,1,,,1,0,,,
,2025-09-04 19:24:39.938889,,,,bird_1,,,,,1.0,,,,,United States,US,Alaska,US-AK,Fairbanks North Star Borough,US-AK-090,,,,,,,,64.8643458,-147.8634453,2023-07-03,09:55:00,,,,Traveling,Traveling,,,,71.0,2.216,,1.0,1,,,1,0,,,
,2024-04-19 16:13:19.55715,,,,bird_1,,,,,2.0,,,,,United States,US,Alaska,US-AK,Fairbanks North Star Borough,US-AK-090,,,,,,,,64.8666675,-147.7306822,2023-07-04,12:00:00,,,,Traveling,Traveling,,,,90.0,1.609,,1.0,1,,,1,0,,,
,2024-04-19 16:13:19.55715,,,,bird_1,,,,,1.0,,,,,United States,US,Alaska,US-AK,Fairbanks North Star Borough,US-AK-090,,,,,,,,64.8666675,-147.7306822,2023-07-17,20:32:00,,,,Traveling,Traveling,,,,41.0,1.609,,1.0,1,,,1,0,,,
,2025-10-09 02:19:16.958452,,,,bird_1,,,,,1.0,,,,,United States,US,Alaska,US-AK,Fairbanks North Star Borough,US-AK-090,,,,,,,,64.86305,-147.7381727,2023-07-18,10:08:00,,,,Traveling,Traveling,,,,98.0,3.259,,2.0,1,,,1,0,,,
,2026-02-05 18:11:43.253809,,,,bird_1,,,,,1.0,,,,,United States,US,Alaska,US-AK,Fairbanks North Star Borough,US-AK-090,,,,,,,,64.86305,-147.7381727,2023-07-13,06:59:00,,,,Traveling,Traveling,,,,88.0,2.175,,1.0,1,,,1,0,,,
,2025-09-04 14:15:50.353518,,,,bird_1,,,,,2.0,,,,,United States,US,Alaska,US-AK,Fairbanks North Star Borough,US-AK-090,,,,,,,,64.92305,-147.861168,2023-07-09,09:19:00,,,,Traveling,Traveling,,,,44.0,0.954,,1.0,1,,,1,0,,,
,2025-09-04 08:15:20.846842,,,,bird_1,,,,,1.0,,,,"Unknown Sex, Juvenile (1)",United States,US,Alaska,US-AK,Fairbanks North Star Borough,US-AK-090,,,,,,,,64.8643458,-147.8634453,2023-07-16,10:46:00,,,,Traveling,Traveling,,,,76.0,1.73,,1.0,1,,,1,0,,,
,2025-09-04 12:59:18.929663,,,,bird_1,,,,,2.0,,,,,United States,US,Alaska,US-AK,Fairbanks North Star Borough,US-AK-090,,,,,,,,64.856742,-147.826236,2023-07-10,21:14:00,,,,Stationary,Stationary,,,,29.0,0.096,,3.0,1,,,1,0,,,
,2026-02-05 18:11:43.253809,,,,bird_1,,,,,2.0,,,,,United States,US,Alaska,US-AK,Fairbanks North Star Borough,US-AK-090,,,,,,,,64.8570469,-147.8282573,2023-07-11,08:28:00,,,,Traveling,Traveling,,,,91.0,4.828,,1.0,1,,,1,0,,,
,2025-09-04 19:23:00.138973,,,,bird_1,,,,,1.0,,,,,United States,US,Alaska,US-AK,Fairbanks North Star Borough,US-AK-090,,,,,,,,64.8643458,-147.8634453,2023-07-03,07:15:00,,,,Traveling,Traveling,,,,135.0,3.213,,1.0,1,,,1,0,,,
,2025-10-09 02:16:49.974014,,,,bird_1,,,,,1.0,,,,,United States,US,Alaska,US-AK,Fairbanks North Star Borough,US-AK-090,,,,,,,,64.86305,-147.7381727,2023-07-09,10:23:00,,,,Traveling,Traveling,,,,36.0,1.192,,1.0,1,,,1,0,,,
,2026-02-05 18:11:43.253809,,,,bird_1,,,,,3.0,,,,,United States,US,Alaska,US-AK,Fairbanks North Star Borough,US-AK-090,,,,,,,,64.86305,-147.7381727,2023-07-06,07:11:00,,,,Traveling,Traveling,,,,117.0,2.984,,1.0,1,,,1,0,,,
,2025-09-04 19:16:50.632249,,,,bird_1,,,,,1.0,,,,,United States,US,Alaska,US-AK,Fairbanks North Star Borough,US-AK-090,,,,,,,,64.86305,-147.7381727,2023-07-03,12:18:00,,,,Traveling,Traveling,,,,115.0,1.348,,1.0,1,,,1,0,,,
,2025-10-09 02:15:14.541193,,,,bird_1,,,,,1.0,,,,,United States,US,Alaska,US-AK,Fairbanks North Star Borough,US-AK-090,,,,,,,,64.86305,-147.7381727,2023-07-03,07:48:00,,,,Traveling,Traveling,,,,39.0,2.189,,1.0,1,,,1,0,,,
,2025-09-04 13:14:28.150961,,,,bird_1,,,,,1.0,,,,,United States,US,Alaska,US-AK,Fairbanks North Star Borough,US-AK-090,,,,,,,,64.8643458,-147.8634453,2023-07-10,09:29:00,,,,Traveling,Traveling,,,,264.0,8.449,,1.0,1,,,1,0,,,
,2025-09-04 03:19:08.852373,,,,bird_1,,,,,2.0,,,,,United States,US,Alaska,US-AK,Fairbanks North Star Borough,US-AK-090,,,,,,,,65.1016367,-147.446695,2023-07-18,11:51:00,,,,Traveling,Traveling,,,,52.0,0.139,,2.0,1,,,1,0,,,
,2025-10-09 02:17:30.838036,,,,bird_1,,,,,1.0,,,,,United States,US,Alaska,US-AK,Fairbanks North Star Borough,US-AK-090,,,,,,,,64.7966492,-147.7180481,2023-07-12,08:57:00,,,,Traveling,Traveling,,,,130.0,3.232,,1.0,1,,,1,0,,,
,2025-09-04 06:38:30.358928,,,,bird_1,,,,,2.0,,,,,United States,US,Alaska,US-AK,Fairbanks North Star Borough,US-AK-090,,,,,,,,65.1016367,-147.446695,2023-07-18,11:51:00,,,,Traveling,Traveling,,,,52.0,0.139,,2.0,1,,,1,0,,,
,2025-09-04 06:40:30.693123,,,,bird_1,,,,,1.0,,,,,United States,US,Alaska,US-AK,Prince of Wales-Hyder Census Area,US-AK-198,,,,,,,,55.9609605,-130.0618708,2023-07-18,15:05:00,,,,Traveling,Traveling,,,,17.0,0.425,,1.0,1,,,1,0,,,
,2025-10-20 14:06:48.897517,,,,bird_1,,,,,1.0,,,,,United States,US,Alaska,US-AK,Prince of Wales-Hyder Census Area,US-AK-198,,,,,,,,55.9180932,-130.0272274,2023-07-10,05:58:00,,,,Traveling,Traveling,,,,244.0,2.929,,1.0,1,,,1,0,,,
,2025-10-20 14:09:11.854723,,,,bird_1,,,,,1.0,,,,,United States,US,Alaska,US-AK,Prince of Wales-Hyder Census Area,US-AK-198,,,,,,,,55.9090685,-130.0207719,2023-07-17,09:14:00,,,,Traveling,Traveling,,,,29.0,0.404,,1.0,1,,,1,0,,,
,2025-10-20 14:08:37.645618,,,,bird_1,,,,,1.0,,,,,United States,US,Alaska,US-AK,Prince of Wales-Hyder Census Area,US-AK-198,,,,,,,,55.9180932,-130.0272274,2023-07-15,07:58:00,,,,Traveling,Traveling,,,,33.0,0.435,,1.0,1,,,1,0,,,
,2025-10-09 02:19:14.834919,,,,bird_1,,,,,1.0,,,,,United States,US,Alaska,US-AK,Prince of Wales-Hyder Census Area,US-AK-198,,,,,,,,55.9609605,-130.0618708,2023-07-14,07:21:00,,,,Traveling,Traveling,,,,31.0,0.483,,1.0,1,,,1,0,,,
,2025-09-04 10:25:20.577295,,,,bird_1,,,,,1.0,,,,,United States,US,Alaska,US-AK,Prince of Wales-Hyder Census Area,US-AK-198,,,,,,,,55.9180932,-130.0272274,2023-07-14,07:00:00,,,,Traveling,Traveling,,,,34.0,0.56,,1.0,1,,,1,0,,,
,2025-10-20 14:06:52.402537,,,,bird_1,,,,,1.0,,,,,United States,US,Alaska,US-AK,Prince of Wales-Hyder Census Area,US-AK-198,,,,,,,,55.9619574,-130.0615168,2023-07-10,15:05:00,,,,Traveling,Traveling,,,,100.0,0.5,,2.0,1,,,1,0,,,
,2025-09-04 08:22:12.285038,,,,bird_1,,,,,1.0,,,,,United States,US,Alaska,US-AK,Southeast Fairbanks Census Area,US-AK-240,,,,,,,,64.1985267,-145.8261771,2023-07-16,09:43:00,,,,Traveling,Traveling,,,,90.0,0.151,,1.0,1,,,1,0,,,
,2025-10-09 02:22:41.419909,,,,bird_1,,,,,1.0,,,,,United States,US,Alaska,US-AK,Yukon-Koyukuk Census Area,US-AK-290,,,,,,,,65.474914,-146.822675,2023-07-11,08:51:00,,,,Traveling,Traveling,,,,177.0,1.577,,3.0,1,,,1,0,,,
,2025-08-15 20:38:40.425153,,,,bird_1,,,,,1.0,,,,,United States,US,Alaska,US-AK,Copper River Census Area,US-AK-066,,,,,,,,61.529014,-144.40404,2024-06-30,03:15:00,,,,Traveling,Traveling,,,,30.0,4.127,,1.0,1,,,1,0,,,
,2025-08-16 18:24:58.408914,,,,bird_1,,,,,2.0,,,,,United States,US,Alaska,US-AK,Denali Borough,US-AK-068,,,,,,,,63.55955,-149.793934,2024-06-20,11:51:00,,,,Traveling,Traveling,,,,46.0,0.464,,4.0,1,,,1,0,,,
,2025-08-16 18:24:58.408914,,,,bird_1,,,,,2.0,,,,,United States,US,Alaska,US-AK,Denali Borough,US-AK-068,,,,,,,,63.55955,-149.793934,2024-06-20,11:51:00,,,,Traveling,Traveling,,,,46.0,0.464,,4.0,1,,,1,0,,,
,2025-08-16 18:24:58.408914,,,,bird_1,,,,,2.0,,,,,United States,US,Alaska,US-AK,Denali Borough,US-AK-068,,,,,,,,63.55955,-149.793934,2024-06-20,11:51:00,,,,Traveling,Traveling,,,,46.0,0.464,,4.0,1,,,1,0,,,
,2025-08-16 18:14:41.879823,,,,bird_1,,,,,2.0,,,,,United States,US,Alaska,US-AK,Denali Borough,US-AK-068,,,,,,,,63.55955,-149.793934,2024-06-20,11:51:00,,,,Traveling,Traveling,,,,46.0,0.464,,4.0,1,,,1,0,,,
,2025-08-16 07:08:00.928111,,,,bird_1,,,,,4.0,,,,,United States,US,Alaska,US-AK,Fairbanks North Star Borough,US-AK-090,,,,,,,,65.1016367,-147.446695,2024-06-30,05:43:00,,,,Traveling,Traveling,,,,64.0,2.083,,1.0,1,,,1,0,,,
,2025-10-09 03:16:59.289771,,,,bird_1,,,,,4.0,,,,,United States,US,Alaska,US-AK,Fairbanks North Star Borough,US-AK-090,,,,,,,,65.1016367,-147.446695,2024-06-14,13:56:00,,,,Traveling,Traveling,,,,77.0,2.414,,14.0,1,,,1,0,,,
,2025-10-09 03:24:51.608984,,,,bird_1,,,,,1.0,,,,,United States,US,Alaska,US-AK,Fairbanks North Star Borough,US-AK-090,,,,,,,,64.6767312,-147.0656225,2024-06-26,10:34:00,,,,Traveling,Traveling,,,,17.0,0.4,,1.0,1,,,1,0,,,
,2025-10-09 03:29:56.793707,,,,bird_1,,,,,1.0,,,,,United States,US,Alaska,US-AK,Fairbanks North Star Borough,US-AK-090,,,,,,,,64.6534774,-147.000472,2024-06-17,05:21:00,,,,Traveling,Traveling,,,,17.0,0.34,,2.0,1,,,1,0,,,
,2024-09-09 23:16:34.954034,,,,bird_1,,,,,1.0,,,,,United States,US,Alaska,US-AK,Fairbanks North Star Borough,US-AK-090,,,,,,,,64.6767312,-147.0656225,2024-06-28,10:44:00,,,,Traveling,Traveling,,,,23.0,0.4,,1.0,1,,,1,0,,,
,2025-10-09 03:23:51.698547,,,,bird_1,,,,,1.0,,,,,United States,US,Alaska,US-AK,Fairbanks North Star Borough,US-AK-090,,,,,,,,64.7003971,-147.1110135,2024-06-24,10:52:00,,,,Traveling,Traveling,,,,20.0,0.5,,1.0,1,,,1,0,,,
,2025-08-16 19:06:29.941379,,,,bird_1,,,,,1.0,,,,,United States,US,Alaska,US-AK,Fairbanks North Star Borough,US-AK-090,,,,,,,,64.8533143,-147.4496555,2024-06-19,17:55:00,,,,Traveling,Traveling,,,,95.0,3.861,,1.0,1,,,1,0,,,
,2025-10-09 03:18:51.519533,,,,bird_1,,,,,1.0,,,,,United States,US,Alaska,US-AK,Fairbanks North Star Borough,US-AK-090,,,,,,,,65.1016367,-147.446695,2024-06-17,08:03:00,,,,Traveling,Traveling,,,,53.0,1.439,,1.0,1,,,1,0,,,
,2026-02-05 18:11:43.253809,,,,bird_1,,,,,1.0,,,,,United States,US,Alaska,US-AK,Fairbanks North Star Borough,US-AK-090,,,,,,,,64.8646124,-147.7214176,2024-06-18,11:02:00,,,,Traveling,Traveling,,,,124.0,3.685,,1.0,1,,,1,0,,,
,2025-10-09 03:23:18.713807,,,,bird_1,,,,,2.0,S ,C2,S ,"Unknown Sex, Adult (2)",United States,US,Alaska,US-AK,Fairbanks North Star Borough,US-AK-090,,,,,,,,65.1027111,-147.4507499,2024-06-23,10:50:00,,,,Traveling,Traveling,,,,100.0,4.828,,1.0,1,,,1,0,,,
,2025-10-09 03:24:17.398514,,,,bird_1,,,,,1.0,,,,,United States,US,Alaska,US-AK,Fairbanks North Star Borough,US-AK-090,,,,,,,,64.855629,-147.445747,2024-06-25,08:10:00,,,,Traveling,Traveling,,,,108.0,4.855,,1.0,1,,,1,0,,,
,2025-10-09 03:25:11.098742,,,,bird_1,,,,,1.0,,,,,United States,US,Alaska,US-AK,Fairbanks North Star Borough,US-AK-090,,,,,,,,64.7592763,-147.2106399,2024-06-27,13:41:00,,,,Traveling,Traveling,,,,28.0,1.338,,1.0,1,,,1,0,,,
,2025-10-09 03:19:37.189547,,,,bird_1,,,,,1.0,,,,,United States,US,Alaska,US-AK,Fairbanks North Star Borough,US-AK-090,,,,,,,,64.855629,-147.445747,2024-06-18,07:53:00,,,,Traveling,Traveling,,,,115.0,5.047,,1.0,1,,,1,0,,,
,2025-10-09 03:29:51.572054,,,,bird_1,,,,,1.0,,,,,United States,US,Alaska,US-AK,Fairbanks North Star Borough,US-AK-090,,,,,,,,64.6767312,-147.0656225,2024-06-26,10:34:00,,,,Traveling,Traveling,,,,17.0,0.4,,1.0,1,,,1,0,,,
,2026-02-05 18:11:43.253809,,,,bird_1,,,,,1.0,,,,,United States,US,Alaska,US-AK,Fairbanks North Star Borough,US-AK-090,,,,,,,,64.86305,-147.7381727,2024-06-26,07:24:00,,,,Traveling,Traveling,,,,85.0,2.396,,1.0,1,,,1,0,,,
,2025-10-09 03:18:30.04543,,,,bird_1,,,,,1.0,,,,,United States,US,Alaska,US-AK,Fairbanks North Star Borough,US-AK-090,,,,,,,,64.7984675,-147.8698182,2024-06-16,18:15:00,,,,Traveling,Traveling,,,,23.0,5.729,,2.0,1,,,1,0,,,
,2025-10-09 03:21:41.716394,,,,bird_1,,,,,2.0,,,,,United States,US,Alaska,US-AK,Fairbanks North Star Borough,US-AK-090,,,,,,,,65.1016367,-147.446695,2024-06-21,08:30:00,,,,Traveling,Traveling,,,,90.0,3.219,,2.0,1,,,1,0,,,
,2025-10-09 03:23:51.43638,,,,bird_1,,,,,2.0,,,,,United States,US,Alaska,US-AK,Fairbanks North Star Borough,US-AK-090,,,,,,,,65.1016367,-147.446695,2024-06-24,08:28:00,,,,Traveling,Traveling,,,,68.0,2.025,,1.0,1,,,1,0,,,
,2025-10-09 03:22:39.453258,,,,bird_1,,,,,1.0,,,,,United States,US,Alaska,US-AK,Fairbanks North Star Borough,US-AK-090,,,,,,,,64.8213599,-147.8650492,2024-06-22,13:35:00,,,,Traveling,Traveling,,,,22.0,0.248,,1.0,1,,,1,0,,,
,2025-08-16 17:13:00.576685,,,,bird_1,,,,,1.0,,,,,United States,US,Alaska,US-AK,Fairbanks North Star Borough,US-AK-090,,,,,,,,65.123283,-147.512856,2024-06-21,14:27:00,,,,Traveling,Traveling,,,,41.0,2.073,,1.0,1,,,1,0,,,
,2025-10-09 03:24:38.971223,,,,bird_1,,,,,1.0,,,,,United States,US,Alaska,US-AK,Fairbanks North Star Borough,US-AK-090,,,,,,,,65.092981,-147.423772,2024-06-26,08:03:00,,,,Traveling,Traveling,,,,72.0,1.798,,1.0,1,,,1,0,,,
,2025-08-15 06:21:09.378126,,,,bird_1,,,,,1.0,,,,,United States,US,Alaska,US-AK,Fairbanks North Star Borough,US-AK-090,,,,,,,,64.9299771,-147.6108662,2024-06-16,09:04:00,,,,Traveling,Traveling,,,,55.0,0.442,,1.0,1,,,1,0,,,
,2025-10-09 03:16:59.750897,,,,bird_1,,,,,4.0,,,,,United States,US,Alaska,US-AK,Fairbanks North Star Borough,US-AK-090,,,,,,,,65.1016367,-147.446695,2024-06-14,13:56:00,,,,Traveling,Traveling,,,,77.0,2.414,,14.0,1,,,1,0,,,
,2025-08-16 17:13:00.576685,,,,bird_1,,,,,1.0,,,,,United States,US,Alaska,US-AK,Fairbanks North Star Borough,US-AK-090,,,,,,,,65.107668,-147.560579,2024-06-21,16:21:00,,,,Traveling,Traveling,,,,32.0,2.187,,1.0,1,,,1,0,,,
,2025-10-09 03:17:30.871821,,,,bird_1,,,,,4.0,,,,,United States,US,Alaska,US-AK,Fairbanks North Star Borough,US-AK-090,,,,,,,,65.1016367,-147.446695,2024-06-14,13:56:00,,,,Traveling,Traveling,,,,77.0,2.414,,14.0,1,,,1,0,,,
,2025-10-09 03:23:51.565203,,,,bird_1,,,,,1.0,,,,,United States,US,Alaska,US-AK,Fairbanks North Star Borough,US-AK-090,,,,,,,,65.093091,-147.423123,2024-06-24,10:29:00,,,,Traveling,Traveling,,,,22.0,0.129,,1.0,1,,,1,0,,,
,2025-10-09 03:17:31.376582,,,,bird_1,,,,,4.0,,,,,United States,US,Alaska,US-AK,Fairbanks North Star Borough,US-AK-090,,,,,,,,65.1016367,-147.446695,2024-06-14,13:56:00,,,,Traveling,Traveling,,,,77.0,2.414,,14.0,1,,,1,0,,,
,2025-08-16 23:18:18.177916,,,,bird_1,,,,,1.0,,,,,United States,US,Alaska,US-AK,Fairbanks North Star Borough,US-AK-090,,,,,,,,65.0339012,-146.1964417,2024-06-15,13:26:00,,,,Traveling,Traveling,,,,50.0,1.931,,1.0,1,,,1,0,,,
,2024-06-25 17:14:35.095073,,,,bird_1,,,,,1.0,,,,,United States,US,Alaska,US-AK,Fairbanks North Star Borough,US-AK-090,,,,,,,,65.128926,-147.498474,2024-06-23,19:30:00,,,,Traveling,Traveling,,,,60.0,0.5,,2.0,1,,,1,0,,,
,2025-08-16 17:13:00.576685,,,,bird_1,,,,,1.0,,,,,United States,US,Alaska,US-AK,Fairbanks North Star Borough,US-AK-090,,,,,,,,65.137047,-147.47862,2024-06-21,12:37:00,,,,Traveling,Traveling,,,,46.0,1.893,,1.0,1,,,1,0,,,
,2025-10-09 03:16:50.908399,,,,bird_1,,,,,4.0,,,,,United States,US,Alaska,US-AK,Fairbanks North Star Borough,US-AK-090,,,,,,,,65.1016367,-147.446695,2024-06-14,13:56:00,,,,Traveling,Traveling,,,,77.0,2.414,,14.0,1,,,1,0,,,
,2025-10-09 03:22:00.225662,,,,bird_1,,,,,4.0,,,,,United States,US,Alaska,US-AK,Fairbanks North Star Borough,US-AK-090,,,,,,,,65.1016367,-147.446695,2024-06-14,13:56:00,,,,Traveling,Traveling,,,,77.0,2.414,,14.0,1,,,1,0,,,
,2025-08-16 14:09:00.27127,,,,bird_1,,,,,1.0,,,,,United States,US,Alaska,US-AK,Fairbanks North Star Borough,US-AK-090,,,,,,,,65.1016367,-147.446695,2024-06-24,05:48:00,,,,Traveling,Traveling,,,,53.0,2.046,,1.0,1,,,1,0,,,
,2025-08-16 17:13:00.576685,,,,bird_1,,,,,1.0,,,,,United States,US,Alaska,US-AK,Fairbanks North Star Borough,US-AK-090,,,,,,,,65.128907,-147.501625,2024-06-21,13:44:00,,,,Traveling,Traveling,,,,41.0,2.06,,1.0,1,,,1,0,,,
,2025-10-09 03:21:41.413709,,,,bird_1,,,,,1.0,,,,,United States,US,Alaska,US-AK,Fairbanks North Star Borough,US-AK-090,,,,,,,,64.7706866,-147.2272682,2024-06-21,08:04:00,,,,Traveling,Traveling,,,,88.0,3.793,,1.0,1,,,1,0,,,
,2025-10-09 03:17:42.04908,,,,bird_1,,,,,3.0,,,,,United States,US,Alaska,US-AK,Fairbanks North Star Borough,US-AK-090,,,,,,,,64.7706866,-147.2272682,2024-06-16,08:19:00,,,,Traveling,Traveling,,,,25.0,0.045,,1.0,1,,,1,0,,,
,2025-10-09 03:17:18.929511,,,,bird_1,,,,,1.0,,,,,United States,US,Alaska,US-AK,Fairbanks North Star Borough,US-AK-090,,,,,,,,64.875318,-146.774276,2024-06-15,11:01:00,,,,Traveling,Traveling,,,,38.0,0.322,,1.0,1,,,1,0,,,
,2025-10-09 03:18:41.336709,,,,bird_1,,,,,1.0,,,,,United States,US,Alaska,US-AK,Fairbanks North Star Borough,US-AK-090,,,,,,,,64.6534774,-147.000472,2024-06-17,05:21:00,,,,Traveling,Traveling,,,,17.0,0.34,,2.0,1,,,1,0,,,
,2024-09-09 23:16:34.954034,,,,bird_1,,,,,1.0,,,,,United States,US,Alaska,US-AK,Fairbanks North Star Borough,US-AK-090,,,,,,,,64.6767312,-147.0656225,2024-06-28,10:44:00,,,,Traveling,Traveling,,,,23.0,0.4,,1.0,1,,,1,0,,,
,2025-08-16 19:14:19.393807,,,,bird_1,,,,,1.0,,,,,United States,US,Alaska,US-AK,Fairbanks North Star Borough,US-AK-090,,,,,,,,65.1016367,-147.446695,2024-06-17,22:27:00,,,,Traveling,Traveling,,,,10.0,0.095,,2.0,1,,,1,0,,,
,2025-10-09 03:16:51.493842,,,,bird_1,,,,,4.0,,,,,United States,US,Alaska,US-AK,Fairbanks North Star Borough,US-AK-090,,,,,,,,65.1016367,-147.446695,2024-06-14,13:56:00,,,,Traveling,Traveling,,,,77.0,2.414,,14.0,1,,,1,0,,,
,2025-08-16 19:11:18.975761,,,,bird_1,,,,,1.0,,,,,United States,US,Alaska,US-AK,Fairbanks North Star Borough,US-AK-090,,,,,,,,65.1016367,-147.446695,2024-06-17,22:27:00,,,,Traveling,Traveling,,,,10.0,0.095,,2.0,1,,,1,0,,,
,2025-10-09 03:29:51.588905,,,,bird_1,,,,,1.0,,,,,United States,US,Alaska,US-AK,Fairbanks North Star Borough,US-AK-090,,,,,,,,64.7003971,-147.1110135,2024-06-24,10:52:00,,,,Traveling,Traveling,,,,20.0,0.5,,1.0,1,,,1,0,,,
,2025-10-09 03:17:00.649163,,,,bird_1,,,,,4.0,,,,,United States,US,Alaska,US-AK,Fairbanks North Star Borough,US-AK-090,,,,,,,,65.1016367,-147.446695,2024-06-14,13:56:00,,,,Traveling,Traveling,,,,77.0,2.414,,14.0,1,,,1,0,,,
,2025-10-09 03:16:47.665126,,,,bird_1,,,,,2.0,,,,,United States,US,Alaska,US-AK,Fairbanks North Star Borough,US-AK-090,,,,,,,,64.7706866,-147.2272682,2024-06-14,07:50:00,,,,Traveling,Traveling,,,,99.0,4.619,,1.0,1,,,1,0,,,
,2025-08-17 00:58:30.394455,,,,bird_1,,,,,1.0,,,,,United States,US,Alaska,US-AK,Fairbanks North Star Borough,US-AK-090,,,,,,,,64.9299771,-147.6108662,2024-06-14,08:38:00,,,,Traveling,Traveling,,,,60.0,0.482,,1.0,1,,,1,0,,,
,2025-10-09 03:18:41.353025,,,,bird_1,,,,,1.0,,,,,United States,US,Alaska,US-AK,Fairbanks North Star Borough,US-AK-090,,,,,,,,64.6534774,-147.000472,2024-06-17,05:21:00,,,,Traveling,Traveling,,,,17.0,0.34,,2.0,1,,,1,0,,,
,2025-08-16 15:15:29.714562,,,,bird_1,,,,,2.0,,,,,United States,US,Alaska,US-AK,Fairbanks North Star Borough,US-AK-090,,,,,,,,65.1016367,-147.446695,2024-06-23,07:25:00,,,,Traveling,Traveling,,,,39.0,0.306,,2.0,1,,,1,0,,,
,2025-10-20 15:59:49.158014,,,,bird_1,,,,,2.0,,,,,United States,US,Alaska,US-AK,Haines Borough,US-AK-100,,,,,,,,59.3778601,-135.8378567,2024-06-30,09:28:00,,,,Traveling,Traveling,,,,20.0,0.537,,1.0,1,,,1,0,,,
,2025-10-20 15:59:49.707794,,,,bird_1,,,,,1.0,,,,,United States,US,Alaska,US-AK,Haines Borough,US-AK-100,,,,,,,,59.2610348,-135.5670462,2024-06-30,08:36:00,,,,Traveling,Traveling,,,,14.0,2.0,,1.0,1,,,1,0,,,
,2025-10-20 15:42:02.907197,,,,bird_1,,,,,1.0,,,,,United States,US,Alaska,US-AK,Hoonah-Angoon Census Area,US-AK-105,,,,,,,,58.3921763,-135.7899857,2024-06-15,06:40:00,,,,Traveling,Traveling,,,,130.0,4.345,,1.0,1,,,1,1,,,
,2025-10-20 15:41:07.383713,,,,bird_1,,,,,4.0,,,,,United States,US,Alaska,US-AK,Prince of Wales-Hyder Census Area,US-AK-198,,,,,,,,55.921017,-130.031848,2024-06-14,04:37:00,,,,Traveling,Traveling,,,,225.0,2.653,,1.0,1,,,1,0,,,
,2025-10-20 15:42:32.238286,,,,bird_1,,,,,2.0,,,,,United States,US,Alaska,US-AK,Skagway Municipality,US-AK-230,,,,,,,,59.53158,-135.339545,2024-06-15,10:50:00,,,,Traveling,Traveling,,,,281.0,5.3,,1.0,1,,,1,0,,,
,2025-10-09 03:30:28.432041,,,,bird_1,,,,,2.0,,,,,United States,US,Alaska,US-AK,Southeast Fairbanks Census Area,US-AK-240,,,,,,,,64.095155,-141.586076,2024-06-21,04:01:00,,,,Traveling,Traveling,,,,30.0,4.023,,1.0,1,,,1,0,,,
,2025-10-09 03:30:28.279425,,,,bird_1,,,,,2.0,,,,,United States,US,Alaska,US-AK,Southeast Fairbanks Census Area,US-AK-240,,,,,,,,64.126385,-141.531548,2024-06-21,03:31:00,,,,Traveling,Traveling,,,,30.0,4.023,,1.0,1,,,1,0,,,
,2024-07-05 21:00:22.296053,,,,bird_1,,,,,4.0,,,,,United States,US,Alaska,US-AK,Southeast Fairbanks Census Area,US-AK-240,,,,,,,,64.167521,-141.410133,2024-06-21,02:29:00,,,,Traveling,Traveling,,,,30.0,4.023,,1.0,1,,,1,0,,,
,2024-07-05 21:00:10.392495,,,,bird_1,,,,,3.0,,,,,United States,US,Alaska,US-AK,Southeast Fairbanks Census Area,US-AK-240,,,,,,,,64.148798,-141.474404,2024-06-21,03:01:00,,,,Traveling,Traveling,,,,30.0,4.023,,1.0,1,,,1,0,,,
,2024-07-05 20:58:29.015585,,,,bird_1,,,,,2.0,,,,,United States,US,Alaska,US-AK,Southeast Fairbanks Census Area,US-AK-240,,,,,,,,64.057322,-141.810331,2024-06-21,06:01:00,,,,Traveling,Traveling,,,,30.0,4.023,,1.0,1,,,1,0,,,
,2025-08-16 06:34:59.711063,,,,bird_1,,,,,1.0,,,,,United States,US,Alaska,US-AK,Yukon-Koyukuk Census Area,US-AK-290,,,,,,,,65.5721866,-144.8037015,2024-06-30,12:12:00,,,,Traveling,Traveling,,,,32.0,5.569,,1.0,1,,,1,0,,,
,2025-08-16 05:49:57.641663,,,,bird_1,,,,,1.0,,,,,United States,US,Alaska,US-AK,Fairbanks North Star Borough,US-AK-090,,,,,,,,64.8643458,-147.8634453,2024-07-01,07:22:00,,,,Traveling,Traveling,,,,51.0,1.056,,1.0,1,,,1,0,,,
,2025-10-09 03:31:31.061087,,,,bird_1,,,,,3.0,,,,,United States,US,Alaska,US-AK,Fairbanks North Star Borough,US-AK-090,,,,,,,,64.86305,-147.7381727,2024-07-08,07:50:00,,,,Traveling,Traveling,,,,86.0,2.397,,1.0,1,,,1,0,,,
,2025-10-09 03:29:09.086071,,,,bird_1,,,,,2.0,,,,,United States,US,Alaska,US-AK,Fairbanks North Star Borough,US-AK-090,,,,,,,,64.86305,-147.7381727,2024-07-01,10:06:00,,,,Traveling,Traveling,,,,108.0,2.181,,6.0,1,,,1,0,,,
,2025-10-09 03:34:00.377672,,,,bird_1,,,,,1.0,,,,,United States,US,Alaska,US-AK,Fairbanks North Star Borough,US-AK-090,,,,,,,,64.86305,-147.7381727,2024-07-17,07:24:00,,,,Traveling,Traveling,,,,98.0,2.946,,1.0,1,,,1,0,,,
,2025-08-16 02:38:18.886885,,,,bird_1,,,,,1.0,,,,,United States,US,Alaska,US-AK,Fairbanks North Star Borough,US-AK-090,,,,,,,,64.799076,-147.89356,2024-07-04,10:02:00,,,,Traveling,Traveling,,,,185.0,8.615,,1.0,1,,,1,0,,,
,2025-10-09 03:28:13.495012,,,,bird_1,,,,,2.0,,,,,United States,US,Alaska,US-AK,Fairbanks North Star Borough,US-AK-090,,,,,,,,64.86305,-147.7381727,2024-07-01,10:06:00,,,,Traveling,Traveling,,,,108.0,2.181,,6.0,1,,,1,0,,,
,2025-10-09 03:28:13.480555,,,,bird_1,,,,,2.0,,,,,United States,US,Alaska,US-AK,Fairbanks North Star Borough,US-AK-090,,,,,,,,64.86305,-147.7381727,2024-07-01,10:06:00,,,,Traveling,Traveling,,,,108.0,2.181,,6.0,1,,,1,0,,,
,2025-08-15 17:27:00.439097,,,,bird_1,,,,,1.0,,,,,United States,US,Alaska,US-AK,Fairbanks North Star Borough,US-AK-090,,,,,,,,64.855629,-147.445747,2024-07-15,07:42:00,,,,Traveling,Traveling,,,,114.0,4.421,,1.0,1,,,1,0,,,
,2025-08-15 18:14:59.774307,,,,bird_1,,,,,1.0,,,,,United States,US,Alaska,US-AK,Fairbanks North Star Borough,US-AK-090,,,,,,,,64.834802,-147.312934,2024-07-14,13:57:00,,,,Traveling,Traveling,,,,78.0,0.238,,2.0,1,,,1,0,,,
,2025-10-09 03:29:40.524441,,,,bird_1,,,,,1.0,,,,,United States,US,Alaska,US-AK,Fairbanks North Star Borough,US-AK-090,,,,,,,,64.7966492,-147.7180481,2024-07-04,07:43:00,,,,Traveling,Traveling,,,,135.0,4.694,,1.0,1,,,1,0,,,
,2025-10-09 03:33:40.40421,,,,bird_1,,,,,1.0,,,,,United States,US,Alaska,US-AK,Fairbanks North Star Borough,US-AK-090,,,,,,,,65.07716,-147.744839,2024-07-16,07:14:00,,,,Traveling,Traveling,,,,60.0,0.0,,1.0,1,,,1,0,,,
,2025-10-09 03:28:16.994273,,,,bird_1,,,,,2.0,,,,,United States,US,Alaska,US-AK,Fairbanks North Star Borough,US-AK-090,,,,,,,,64.86305,-147.7381727,2024-07-01,10:06:00,,,,Traveling,Traveling,,,,108.0,2.181,,6.0,1,,,1,0,,,
,2025-10-09 03:28:19.051792,,,,bird_1,,,,,2.0,,,,,United States,US,Alaska,US-AK,Fairbanks North Star Borough,US-AK-090,,,,,,,,64.86305,-147.7381727,2024-07-01,10:06:00,,,,Traveling,Traveling,,,,108.0,2.181,,6.0,1,,,1,0,,,
,2025-10-09 03:29:37.547686,,,,bird_1,,,,,2.0,,,,,United States,US,Alaska,US-AK,Fairbanks North Star Borough,US-AK-090,,,,,,,,64.86305,-147.7381727,2024-07-01,10:06:00,,,,Traveling,Traveling,,,,108.0,2.181,,6.0,1,,,1,0,,,
,2025-10-20 16:10:37.338075,,,,bird_1,,,,,1.0,,,,,United States,US,Alaska,US-AK,Prince of Wales-Hyder Census Area,US-AK-198,,,,,,,,55.9180932,-130.0272274,2024-07-11,05:58:00,,,,Traveling,Traveling,,,,11.0,0.322,,1.0,1,,,1,0,,,
,2025-10-09 03:32:19.124213,,,,bird_1,,,,,1.0,,,,,United States,US,Alaska,US-AK,Prince of Wales-Hyder Census Area,US-AK-198,,,,,,,,56.0338411,-130.0452712,2024-07-11,11:32:00,,,,Traveling,Traveling,,,,34.0,3.685,,1.0,1,,,1,0,,,
,2025-10-20 16:02:14.446997,,,,bird_1,,,,,2.0,,,,,United States,US,Alaska,US-AK,Prince of Wales-Hyder Census Area,US-AK-198,,,,,,,,55.9609605,-130.0618708,2024-07-02,06:13:00,,,,Traveling,Traveling,,,,43.0,0.209,,1.0,1,,,1,0,,,
,2025-08-16 05:33:57.494321,,,,bird_1,,,,,1.0,,,,,United States,US,Alaska,US-AK,Prince of Wales-Hyder Census Area,US-AK-198,,,,,,,,55.9609605,-130.0618708,2024-07-01,06:38:00,,,,Traveling,Traveling,,,,37.0,0.22,,1.0,1,,,1,0,,,
,2025-08-16 01:13:38.596835,,,,bird_1,,,,,1.0,,,,,United States,US,Alaska,US-AK,Prince of Wales-Hyder Census Area,US-AK-198,,,,,,,,55.9609605,-130.0618708,2024-07-06,19:49:00,,,,Traveling,Traveling,,,,19.0,0.113,,1.0,1,,,1,0,,,
,2025-10-09 03:29:57.402431,,,,bird_1,,,,,1.0,,,,,United States,US,Alaska,US-AK,Prince of Wales-Hyder Census Area,US-AK-198,,,,,,,,55.9609605,-130.0618708,2024-07-04,13:02:00,,,,Traveling,Traveling,,,,7.0,0.177,,1.0,1,,,1,0,,,
,2025-10-09 03:28:42.315616,,,,bird_1,,,,,2.0,,,,,United States,US,Alaska,US-AK,Prince of Wales-Hyder Census Area,US-AK-198,,,,,,,,55.9609605,-130.0618708,2024-07-02,08:36:00,,,,Traveling,Traveling,,,,67.0,0.435,,1.0,1,,,1,0,,,
,2025-10-09 03:32:19.066028,,,,bird_1,,,,,3.0,FL,C4,FL,,United States,US,Alaska,US-AK,Prince of Wales-Hyder Census Area,US-AK-198,,,,,,,,55.9609605,-130.0618708,2024-07-11,12:18:00,,,,Traveling,Traveling,,,,98.0,0.448,,1.0,1,,,1,0,,,
,2025-08-15 22:57:09.319367,,,,bird_1,,,,,2.0,,,,,United States,US,Alaska,US-AK,Prince of Wales-Hyder Census Area,US-AK-198,,,,,,,,55.9609605,-130.0618708,2024-07-09,09:56:00,,,,Traveling,Traveling,,,,40.0,0.391,,1.0,1,,,1,0,,,
,2024-07-03 01:28:44.086816,,,,bird_1,,,,,2.0,,,,,United States,US,Alaska,US-AK,Southeast Fairbanks Census Area,US-AK-240,,,,,,,,64.334558,-141.416258,2024-07-01,11:52:00,,,,Traveling,Traveling,,,,35.0,0.563,,1.0,1,,,1,0,,,
,2025-07-08 19:48:41.345288,,,,bird_1,,,,,1.0,,,,,United States,US,Alaska,US-AK,Copper River Census Area,US-AK-066,,,,,,,,61.377978,-143.315643,2025-06-24,09:17:00,,,,Traveling,Traveling,,,,30.0,0.543,,1.0,1,,,1,0,,,
,2025-07-02 22:05:57.979685,,,,bird_1,,,,,1.0,,,,,United States,US,Alaska,US-AK,Copper River Census Area,US-AK-066,,,,,,,,61.4324302,-142.9237824,2025-06-23,15:13:00,,,,Traveling,Traveling,,,,50.0,0.969,,1.0,1,,,1,0,,,
,2025-07-08 19:50:23.291236,,,,bird_1,,,,,1.0,,,,,United States,US,Alaska,US-AK,Copper River Census Area,US-AK-066,,,,,,,,61.377978,-143.315643,2025-06-23,10:40:00,,,,Traveling,Traveling,,,,66.0,1.742,,1.0,1,,,1,0,,,
,2025-07-02 22:06:07.25321,,,,bird_1,,,,,1.0,,,,,United States,US,Alaska,US-AK,Copper River Census Area,US-AK-066,,,,,,,,61.583435,-144.429852,2025-06-22,09:26:00,,,,Traveling,Traveling,,,,61.0,2.16,,1.0,1,,,1,0,,,
,2025-10-09 05:12:59.857822,,,,bird_1,,,,,1.0,,,,,United States,US,Alaska,US-AK,Fairbanks North Star Borough,US-AK-090,,,,,,,,64.8321481,-147.789077,2025-06-18,11:45:00,,,,Traveling,Traveling,,,,50.0,5.633,,1.0,1,,,1,0,,,
,2025-06-25 23:43:38.260463,,,,bird_1,,,,,3.0,,,,,United States,US,Alaska,US-AK,Fairbanks North Star Borough,US-AK-090,,,,,,,,64.8997214,-147.8073188,2025-06-25,18:39:00,,,,Traveling,Traveling,,,,64.0,1.61,,1.0,1,,,1,0,,,
,2025-10-09 05:16:30.695659,,,,bird_1,,,,,2.0,,,,,United States,US,Alaska,US-AK,Fairbanks North Star Borough,US-AK-090,,,,,,,,65.1016367,-147.446695,2025-06-22,09:06:00,,,,Traveling,Traveling,,,,89.0,1.689,,1.0,1,,,1,0,,,
,2025-07-25 13:55:12.69243,,,,bird_1,,,,,9.0,,,,,United States,US,Alaska,US-AK,Fairbanks North Star Borough,US-AK-090,,,,,,,,65.1016367,-147.446695,2025-06-19,08:08:00,,,,Traveling,Traveling,,,,133.0,2.358,,1.0,1,,,1,0,,,
,2025-06-27 23:34:21.725108,,,,bird_1,,,,,1.0,,,,,United States,US,Alaska,US-AK,Fairbanks North Star Borough,US-AK-090,,,,,,,,64.9484283,-147.8433317,2025-06-23,11:18:00,,,,Traveling,Traveling,,,,53.0,1.372,,1.0,1,,,1,0,,,
,2025-10-09 05:13:12.212134,,,,bird_1,,,,,1.0,,,,,United States,US,Alaska,US-AK,Fairbanks North Star Borough,US-AK-090,,,,,,,,64.8321481,-147.789077,2025-06-19,07:44:00,,,,Traveling,Traveling,,,,14.0,1.253,,1.0,1,,,1,0,,,
,2025-07-17 00:38:58.967916,,,,bird_1,,,,,5.0,,,,,United States,US,Alaska,US-AK,Fairbanks North Star Borough,US-AK-090,,,,,,,,64.89422,-147.513495,2025-06-14,06:28:00,,,,Traveling,Traveling,,,,46.0,1.752,,1.0,1,,,1,0,,,
,2025-06-23 14:41:14.563025,,,,bird_1,,,,,1.0,,,,,United States,US,Alaska,US-AK,Fairbanks North Star Borough,US-AK-090,,,,,,,,64.9369483,-147.6590131,2025-06-23,10:26:00,,,,Traveling,Traveling,,,,14.0,4.114,,1.0,1,,,1,0,,,
,2026-02-05 18:11:43.253809,,,,bird_1,,,,,1.0,,,,,United States,US,Alaska,US-AK,Fairbanks North Star Borough,US-AK-090,,,,,,,,64.86305,-147.7381727,2025-06-19,07:38:00,,,,Traveling,Traveling,,,,78.0,1.697,,1.0,1,,,1,0,,,
,2025-10-09 05:20:50.448036,,,,bird_1,,,,,1.0,,,,,United States,US,Alaska,US-AK,Fairbanks North Star Borough,US-AK-090,,,,,,,,64.86305,-147.7381727,2025-06-26,08:33:00,,,,Traveling,Traveling,,,,72.0,0.989,,1.0,1,,,1,0,,,
,2025-06-19 15:52:36.849495,,,,bird_1,,,,,1.0,,,,,United States,US,Alaska,US-AK,Fairbanks North Star Borough,US-AK-090,,,,,,,,64.7100478,-147.1415121,2025-06-19,09:24:00,,,,Traveling,Traveling,,,,12.0,0.117,,3.0,1,,,1,0,,,
,2025-10-09 05:25:59.870535,,,,bird_1,,,,,1.0,,,,,United States,US,Alaska,US-AK,Fairbanks North Star Borough,US-AK-090,,,,,,,,64.855629,-147.445747,2025-06-30,08:47:00,,,,Traveling,Traveling,,,,101.0,4.457,,1.0,1,,,1,0,,,
,2025-10-09 05:17:10.944969,,,,bird_1,,,,,2.0,,,,,United States,US,Alaska,US-AK,Fairbanks North Star Borough,US-AK-090,,,,,,,,65.1016367,-147.446695,2025-06-23,08:09:00,,,,Traveling,Traveling,,,,53.0,1.257,,1.0,1,,,1,0,,,
,2025-10-09 05:15:09.731368,,,,bird_1,,,,,2.0,,,,,United States,US,Alaska,US-AK,Fairbanks North Star Borough,US-AK-090,,,,,,,,65.1016367,-147.446695,2025-06-21,08:02:00,,,,Traveling,Traveling,,,,61.0,1.521,,1.0,1,,,1,0,,,
,2025-10-09 05:18:41.50032,,,,bird_1,,,,,2.0,,,,,United States,US,Alaska,US-AK,Fairbanks North Star Borough,US-AK-090,,,,,,,,64.6711516,-147.1264143,2025-06-24,10:26:00,,,,Traveling,Traveling,,,,58.0,2.662,,1.0,1,,,1,0,,,
,2025-10-09 05:19:41.281302,,,,bird_1,,,,,2.0,,,,,United States,US,Alaska,US-AK,Fairbanks North Star Borough,US-AK-090,,,,,,,,65.1016367,-147.446695,2025-06-25,08:46:00,,,,Traveling,Traveling,,,,48.0,1.067,,1.0,1,,,1,0,,,
,2025-10-09 05:13:12.791456,,,,bird_1,,,,,1.0,,,,,United States,US,Alaska,US-AK,Fairbanks North Star Borough,US-AK-090,,,,,,,,64.8321481,-147.789077,2025-06-19,08:12:00,,,,Traveling,Traveling,,,,12.0,1.063,,1.0,1,,,1,0,,,
,2025-10-09 05:11:10.103132,,,,bird_1,,,,,1.0,,,,,United States,US,Alaska,US-AK,Fairbanks North Star Borough,US-AK-090,,,,,,,,64.855629,-147.445747,2025-06-17,07:39:00,,,,Traveling,Traveling,,,,114.0,4.493,,1.0,1,,,1,0,,,
,2025-10-09 05:06:27.829446,,,,bird_1,,,,,1.0,,,,,United States,US,Alaska,US-AK,Fairbanks North Star Borough,US-AK-090,,,,,,,,64.8213599,-147.8650492,2025-06-14,03:36:00,,,,Traveling,Traveling,,,,28.0,1.292,,1.0,1,,,1,0,,,
,2025-10-09 05:13:12.509306,,,,bird_1,,,,,1.0,,,,,United States,US,Alaska,US-AK,Fairbanks North Star Borough,US-AK-090,,,,,,,,64.9118079,-147.8315934,2025-06-19,07:05:00,,,,Traveling,Traveling,,,,68.0,1.185,,1.0,1,,,1,0,,,
,2025-10-09 05:12:48.897943,,,,bird_1,,,,,2.0,,,,,United States,US,Alaska,US-AK,Fairbanks North Star Borough,US-AK-090,,,,,,,,64.86305,-147.7381727,2025-06-18,13:53:00,,,,Traveling,Traveling,,,,58.0,1.14,,1.0,1,,,1,0,,,
,2025-10-09 05:15:10.855296,,,,bird_1,,,,,1.0,S ,C2,S ,,United States,US,Alaska,US-AK,Fairbanks North Star Borough,US-AK-090,,,,,,,,64.86305,-147.7381727,2025-06-21,08:25:00,,,,Traveling,Traveling,,,,106.0,2.299,,1.0,1,,,1,0,,,
,2025-10-09 05:09:51.113539,,,,bird_1,,,,,2.0,,,,,United States,US,Alaska,US-AK,Fairbanks North Star Borough,US-AK-090,,,,,,,,65.1016367,-147.446695,2025-06-16,07:47:00,,,,Traveling,Traveling,,,,48.0,1.418,,1.0,1,,,1,0,,,
,2025-10-09 05:14:29.617666,,,,bird_1,,,,,1.0,,,,,United States,US,Alaska,US-AK,Fairbanks North Star Borough,US-AK-090,,,,,,,,64.7706866,-147.2272682,2025-06-20,07:30:00,,,,Traveling,Traveling,,,,115.0,3.989,,1.0,1,,,1,0,,,
,2025-06-19 12:12:48.229069,,,,bird_1,,,,,1.0,,,,,United States,US,Alaska,US-AK,Fairbanks North Star Borough,US-AK-090,,,,,,,,64.822836,-147.793823,2025-06-19,07:59:00,,,,Traveling,Traveling,,,,10.0,1.037,,1.0,1,,,1,0,,,
,2025-06-18 12:12:11.706194,,,,bird_1,,,,,1.0,,,,,United States,US,Alaska,US-AK,Fairbanks North Star Borough,US-AK-090,,,,,,,,64.8921945,-147.7885295,2025-06-18,05:09:00,,,,Traveling,Traveling,,,,39.0,0.124,,1.0,1,,,1,0,,,
,2025-10-20 17:44:39.222066,,,,bird_1,,,,,3.0,CN,C4,CN,,United States,US,Alaska,US-AK,Haines Borough,US-AK-100,,,,,,,,59.346645,-135.769661,2025-06-15,08:36:00,,,,Traveling,Traveling,,,,78.0,7.228,,4.0,1,,,1,0,,,
,2025-10-20 17:43:19.123452,,,,bird_1,,,,,1.0,,,,,United States,US,Alaska,US-AK,Haines Borough,US-AK-100,,,,,,,,59.3960983,-135.9989404,2025-06-14,10:46:00,,,,Traveling,Traveling,,,,68.0,0.206,,4.0,1,,,1,0,,,
,2025-10-20 17:43:19.416197,,,,bird_1,,,,,1.0,,,,,United States,US,Alaska,US-AK,Haines Borough,US-AK-100,,,,,,,,59.3960983,-135.9989404,2025-06-14,10:46:00,,,,Traveling,Traveling,,,,68.0,0.206,,4.0,1,,,1,0,,,
,2025-10-20 17:43:19.646599,,,,bird_1,,,,,1.0,,,,,United States,US,Alaska,US-AK,Haines Borough,US-AK-100,,,,,,,,59.3960983,-135.9989404,2025-06-14,10:46:00,,,,Traveling,Traveling,,,,68.0,0.206,,4.0,1,,,1,0,,,
,2025-10-20 17:49:47.28408,,,,bird_1,,,,,1.0,,,,,United States,US,Alaska,US-AK,Haines Borough,US-AK-100,,,,,,,,59.4148885,-135.933177,2025-06-20,13:52:00,,,,Traveling,Traveling,,,,25.0,1.049,,1.0,1,,,1,0,,,
,2025-10-20 17:43:19.780858,,,,bird_1,,,,,1.0,,,,,United States,US,Alaska,US-AK,Haines Borough,US-AK-100,,,,,,,,59.4202754,-135.9609914,2025-06-14,09:10:00,,,,Traveling,Traveling,,,,67.0,0.202,,4.0,1,,,1,0,,,
,2025-10-20 17:53:03.078193,,,,bird_1,,,,,1.0,,,,,United States,US,Alaska,US-AK,Haines Borough,US-AK-100,,,,,,,,59.4634047,-136.0234546,2025-06-25,08:03:00,,,,Traveling,Traveling,,,,200.0,4.466,,1.0,1,,,1,0,,,
,2025-10-20 17:44:39.131552,,,,bird_1,,,,,3.0,CN,C4,CN,,United States,US,Alaska,US-AK,Haines Borough,US-AK-100,,,,,,,,59.346645,-135.769661,2025-06-15,08:36:00,,,,Traveling,Traveling,,,,78.0,7.228,,4.0,1,,,1,0,,,
,2025-10-20 17:54:28.837049,,,,bird_1,,,,,1.0,,,,,United States,US,Alaska,US-AK,Haines Borough,US-AK-100,,,,,,,,59.4634047,-136.0234546,2025-06-27,08:04:00,,,,Traveling,Traveling,,,,105.0,4.728,,1.0,1,,,1,0,,,
,2025-10-20 17:43:19.435832,,,,bird_1,,,,,1.0,,,,,United States,US,Alaska,US-AK,Haines Borough,US-AK-100,,,,,,,,59.4202754,-135.9609914,2025-06-14,09:10:00,,,,Traveling,Traveling,,,,67.0,0.202,,4.0,1,,,1,0,,,
,2025-10-20 17:44:39.343454,,,,bird_1,,,,,3.0,CN,C4,CN,,United States,US,Alaska,US-AK,Haines Borough,US-AK-100,,,,,,,,59.346645,-135.769661,2025-06-15,08:36:00,,,,Traveling,Traveling,,,,78.0,7.228,,4.0,1,,,1,0,,,
,2025-10-20 17:43:19.291074,,,,bird_1,,,,,1.0,,,,,United States,US,Alaska,US-AK,Haines Borough,US-AK-100,,,,,,,,59.4202754,-135.9609914,2025-06-14,09:10:00,,,,Traveling,Traveling,,,,67.0,0.202,,4.0,1,,,1,0,,,
,2025-10-20 17:44:39.43606,,,,bird_1,,,,,3.0,CN,C4,CN,,United States,US,Alaska,US-AK,Haines Borough,US-AK-100,,,,,,,,59.346645,-135.769661,2025-06-15,08:36:00,,,,Traveling,Traveling,,,,78.0,7.228,,4.0,1,,,1,0,,,
,2025-10-20 17:43:18.512675,,,,bird_1,,,,,2.0,,,,,United States,US,Alaska,US-AK,Hoonah-Angoon Census Area,US-AK-105,,,,,,,,59.3987581,-135.8945703,2025-06-14,15:07:00,,,,Traveling,Traveling,,,,80.0,2.097,,4.0,1,,,1,0,,,
,2025-10-20 17:43:19.161272,,,,bird_1,,,,,2.0,,,,,United States,US,Alaska,US-AK,Hoonah-Angoon Census Area,US-AK-105,,,,,,,,59.3987581,-135.8945703,2025-06-14,15:07:00,,,,Traveling,Traveling,,,,80.0,2.097,,4.0,1,,,1,0,,,
,2025-10-20 17:43:19.445995,,,,bird_1,,,,,2.0,,,,,United States,US,Alaska,US-AK,Hoonah-Angoon Census Area,US-AK-105,,,,,,,,59.3987581,-135.8945703,2025-06-14,15:07:00,,,,Traveling,Traveling,,,,80.0,2.097,,4.0,1,,,1,0,,,
,2025-10-20 17:45:51.488152,,,,bird_1,,,,,2.0,,,,,United States,US,Alaska,US-AK,Hoonah-Angoon Census Area,US-AK-105,,,,,,,,59.3987581,-135.8945703,2025-06-14,15:07:00,,,,Traveling,Traveling,,,,80.0,2.097,,4.0,1,,,1,0,,,
,2025-10-20 17:47:29.09913,,,,bird_1,,,,,1.0,,,,,United States,US,Alaska,US-AK,Prince of Wales-Hyder Census Area,US-AK-198,,,,,,,,56.046261,-130.036918,2025-06-19,07:01:00,,,,Traveling,Traveling,,,,19.0,0.108,,2.0,1,,,1,0,,,
,2025-06-24 21:51:14.830992,,,,bird_1,,,,,1.0,,,,,United States,US,Alaska,US-AK,Prince of Wales-Hyder Census Area,US-AK-198,,,,,,,,55.9154625,-130.0315125,2025-06-24,17:56:00,,,,Traveling,Traveling,,,,39.0,1.77,,1.0,1,,,1,0,,,
,2025-10-20 17:47:29.246881,,,,bird_1,,,,,3.0,,,,,United States,US,Alaska,US-AK,Prince of Wales-Hyder Census Area,US-AK-198,,,,,,,,55.9609605,-130.0618708,2025-06-18,15:35:00,,,,Traveling,Traveling,,,,36.0,0.261,,2.0,1,,,1,0,,,
,2025-10-20 17:53:02.080182,,,,bird_1,,,,,1.0,,,,,United States,US,Alaska,US-AK,Prince of Wales-Hyder Census Area,US-AK-198,,,,,,,,55.9180932,-130.0272274,2025-06-25,12:16:00,,,,Traveling,Traveling,,,,30.0,3.012,,1.0,1,,,1,0,,,
,2025-10-20 17:47:29.125359,,,,bird_1,,,,,1.0,,,,,United States,US,Alaska,US-AK,Prince of Wales-Hyder Census Area,US-AK-198,,,,,,,,56.046261,-130.036918,2025-06-19,07:01:00,,,,Traveling,Traveling,,,,19.0,0.108,,2.0,1,,,1,0,,,
,2025-10-20 17:49:01.2997,,,,bird_1,,,,,1.0,,,,,United States,US,Alaska,US-AK,Prince of Wales-Hyder Census Area,US-AK-198,,,,,,,,55.9180932,-130.0272274,2025-06-20,09:47:00,,,,Traveling,Traveling,,,,41.0,1.13,,1.0,1,,,1,0,,,
,2025-10-20 17:47:29.212019,,,,bird_1,,,,,3.0,,,,,United States,US,Alaska,US-AK,Prince of Wales-Hyder Census Area,US-AK-198,,,,,,,,55.9609605,-130.0618708,2025-06-18,15:35:00,,,,Traveling,Traveling,,,,36.0,0.261,,2.0,1,,,1,0,,,
,2025-10-09 05:16:10.941664,,,,bird_1,,,,,4.0,,,,,United States,US,Alaska,US-AK,Southeast Fairbanks Census Area,US-AK-240,,,,,,,,64.7877662,-141.1995077,2025-06-22,06:48:00,,,,Traveling,Traveling,,,,349.0,5.899,,1.0,1,,,1,0,,,
,2025-11-10 22:38:31.689921,,,,bird_1,,,,,1.0,,,,,United States,US,Alaska,US-AK,Kusilvak Census Area,US-AK-270,,,,,,,,61.7691483,-166.05197,2025-06-25,11:17:00,,,,Traveling,Traveling,,,,47.0,1.253,,2.0,1,,,1,1,,,
,2025-11-10 22:38:31.689921,,,,bird_1,,,,,1.0,,,,,United States,US,Alaska,US-AK,Kusilvak Census Area,US-AK-270,,,,,,,,61.7691483,-166.05197,2025-06-25,11:17:00,,,,Traveling,Traveling,,,,47.0,1.253,,2.0,1,,,1,1,,,
,2025-11-10 22:36:00.876427,,,,bird_1,,,,,1.0,,,,,United States,US,Alaska,US-AK,Kusilvak Census Area,US-AK-270,,,,,,,,61.7821162,-166.0437453,2025-06-25,09:06:00,,,,Traveling,Traveling,,,,37.0,0.982,,2.0,1,,,1,1,,,
,2025-11-10 22:36:00.876427,,,,bird_1,,,,,1.0,,,,,United States,US,Alaska,US-AK,Kusilvak Census Area,US-AK-270,,,,,,,,61.7821162,-166.0437453,2025-06-25,09:06:00,,,,Traveling,Traveling,,,,37.0,0.982,,2.0,1,,,1,1,,,
,2026-02-05 18:11:43.253809,,,,bird_1,,,,,1.0,,,,,United States,US,Alaska,US-AK,Fairbanks North Star Borough,US-AK-090,,,,,,,,64.86305,-147.7381727,2025-07-01,07:15:00,,,,Traveling,Traveling,,,,129.0,2.382,,1.0,1,,,1,0,,,
,2025-10-09 05:32:12.846724,,,,bird_1,,,,,2.0,,,,,United States,US,Alaska,US-AK,Fairbanks North Star Borough,US-AK-090,,,,,,,,64.86305,-147.7381727,2025-07-07,07:27:00,,,,Traveling,Traveling,,,,84.0,1.566,,1.0,1,,,1,0,,,
,2025-10-09 05:29:31.893118,,,,bird_1,,,,,1.0,,,,,United States,US,Alaska,US-AK,Fairbanks North Star Borough,US-AK-090,,,,,,,,64.7706866,-147.2272682,2025-07-04,07:53:00,,,,Traveling,Traveling,,,,72.0,2.515,,1.0,1,,,1,0,,,
,2026-02-05 18:11:43.253809,,,,bird_1,,,,,2.0,,,,,United States,US,Alaska,US-AK,Fairbanks North Star Borough,US-AK-090,,,,,,,,64.86305,-147.7381727,2025-07-15,07:40:00,,,,Traveling,Traveling,,,,48.0,0.863,,1.0,1,,,1,0,,,
,2025-10-09 05:40:51.432526,,,,bird_1,,,,,1.0,,,,,United States,US,Alaska,US-AK,Fairbanks North Star Borough,US-AK-090,,,,,,,,65.087123,-147.420777,2025-07-03,05:34:00,,,,Traveling,Traveling,,,,15.0,0.402,,1.0,1,,,1,0,,,
,2025-10-09 05:35:01.109808,,,,bird_1,,,,,1.0,,,,,United States,US,Alaska,US-AK,Fairbanks North Star Borough,US-AK-090,,,,,,,,64.7706866,-147.2272682,2025-07-11,07:44:00,,,,Traveling,Traveling,,,,102.0,2.487,,1.0,1,,,1,0,,,
,2025-10-09 05:36:42.527152,,,,bird_1,,,,,1.0,,,,,United States,US,Alaska,US-AK,Fairbanks North Star Borough,US-AK-090,,,,,,,,64.8634883,-147.7131557,2025-07-14,17:47:00,,,,Traveling,Traveling,,,,27.0,0.796,,1.0,1,,,1,0,,,
,2025-10-09 05:34:29.14373,,,,bird_1,,,,,1.0,,,,,United States,US,Alaska,US-AK,Fairbanks North Star Borough,US-AK-090,,,,,,,,64.8392046,-147.8067822,2025-07-10,09:21:00,,,,Traveling,Traveling,,,,21.0,0.248,,1.0,1,,,1,0,,,
,2025-07-02 13:10:24.58241,,,,bird_1,,,,,1.0,S ,C2,S ,,United States,US,Alaska,US-AK,Fairbanks North Star Borough,US-AK-090,,,,,,,,64.875296,-146.774714,2025-07-02,08:39:00,,,,Traveling,Traveling,,,,26.0,0.261,,2.0,1,,,1,0,,,
,2025-10-09 05:36:42.353152,,,,bird_1,,,,,1.0,,,,,United States,US,Alaska,US-AK,Fairbanks North Star Borough,US-AK-090,,,,,,,,64.862189,-147.788161,2025-07-14,07:44:00,,,,Traveling,Traveling,,,,64.0,1.138,,1.0,1,,,1,0,,,
,2025-07-02 13:10:24.58241,,,,bird_1,,,,,1.0,S ,C2,S ,,United States,US,Alaska,US-AK,Fairbanks North Star Borough,US-AK-090,,,,,,,,64.875296,-146.774714,2025-07-02,08:39:00,,,,Traveling,Traveling,,,,26.0,0.261,,2.0,1,,,1,0,,,
,2025-10-20 18:05:51.762111,,,,bird_1,,,,,2.0,,,,,United States,US,Alaska,US-AK,Haines Borough,US-AK-100,,,,,,,,59.4707343,-136.0360016,2025-07-15,12:42:00,,,,Traveling,Traveling,,,,77.0,1.741,,2.0,1,,,1,0,,,
,2025-10-20 18:05:51.741457,,,,bird_1,,,,,2.0,,,,,United States,US,Alaska,US-AK,Haines Borough,US-AK-100,,,,,,,,59.4707343,-136.0360016,2025-07-15,12:42:00,,,,Traveling,Traveling,,,,77.0,1.741,,2.0,1,,,1,0,,,
,2025-10-31 18:41:43.800322,,,,bird_1,,,,,1.0,,,,,United States,US,Alaska,US-AK,Haines Borough,US-AK-100,,,,,,,,59.4333142,-136.2128899,2025-07-17,08:05:00,,,,Traveling,Traveling,,,,49.0,0.626,,1.0,1,,,1,0,,,
,2025-10-31 18:44:55.980749,,,,bird_1,,,,,1.0,,,,,United States,US,Alaska,US-AK,Haines Borough,US-AK-100,,,,,,,,59.414279,-135.9573471,2025-07-16,07:03:00,,,,Traveling,Traveling,,,,53.0,1.513,,1.0,1,,,1,0,,,
,2025-10-20 18:03:01.071173,,,,bird_1,,,,,1.0,,,,,United States,US,Alaska,US-AK,Prince of Wales-Hyder Census Area,US-AK-198,,,,,,,,55.9609605,-130.0618708,2025-07-09,07:54:00,,,,Traveling,Traveling,,,,33.0,0.278,,1.0,1,,,1,0,,,
,2025-10-20 18:00:31.898643,,,,bird_1,,,,,2.0,,,,,United States,US,Alaska,US-AK,Prince of Wales-Hyder Census Area,US-AK-198,,,,,,,,55.9609605,-130.0618708,2025-07-04,08:14:00,,,,Traveling,Traveling,,,,21.0,0.439,,1.0,1,,,1,0,,,
,2025-10-09 05:29:09.839115,,,,bird_1,,,,,1.0,,,,,United States,US,Alaska,US-AK,Prince of Wales-Hyder Census Area,US-AK-198,,,,,,,,55.966362,-130.06125,2025-07-03,14:33:00,,,,Traveling,Traveling,,,,106.0,1.69,,1.0,1,,,1,0,,,
,2025-10-20 18:01:13.606758,,,,bird_1,,,,,1.0,,,,,United States,US,Alaska,US-AK,Prince of Wales-Hyder Census Area,US-AK-198,,,,,,,,55.9609605,-130.0618708,2025-07-05,09:20:00,,,,Traveling,Traveling,,,,131.0,0.756,,1.0,1,,,1,0,,,
,2025-10-09 05:27:30.832175,,,,bird_1,,,,,1.0,,,,,United States,US,Alaska,US-AK,Prince of Wales-Hyder Census Area,US-AK-198,,,,,,,,55.9609605,-130.0618708,2025-07-01,12:38:00,,,,Traveling,Traveling,,,,20.0,0.448,,1.0,1,,,1,0,,,
,2025-07-20 18:00:56.362154,,,,bird_1,,,,,1.0,,,,,United States,US,Alaska,US-AK,Skagway Municipality,US-AK-230,,,,,,,,59.5072863,-135.3617489,2025-07-14,08:07:00,,,,Traveling,Traveling,,,,21.0,0.499,,1.0,1,,,1,0,,,
,2025-10-20 18:08:29.511242,,,,bird_1,,,,,1.0,,,,,United States,US,Alaska,US-AK,Skagway Municipality,US-AK-230,,,,,,,,59.5286595,-135.3486166,2025-07-14,04:19:00,,,,Traveling,Traveling,,,,120.0,2.237,,1.0,1,,,1,0,,,
